IMG/center_2017_04_04_22_58_06_981.jpg,IMG/left_2017_04_04_22_58_06_981.jpg,IMG/right_2017_04_04_22_58_06_981.jpg,0,0,0,3.127517
IMG/center_2017_04_04_22_58_07_067.jpg,IMG/left_2017_04_04_22_58_07_067.jpg,IMG/right_2017_04_04_22_58_07_067.jpg,0,0,0,3.059701
IMG/center_2017_04_04_22_58_07_153.jpg,IMG/left_2017_04_04_22_58_07_153.jpg,IMG/right_2017_04_04_22_58_07_153.jpg,0,0,0,2.975451
IMG/center_2017_04_04_22_58_07_239.jpg,IMG/left_2017_04_04_22_58_07_239.jpg,IMG/right_2017_04_04_22_58_07_239.jpg,0,0,0,2.908591
IMG/center_2017_04_04_22_58_07_324.jpg,IMG/left_2017_04_04_22_58_07_324.jpg,IMG/right_2017_04_04_22_58_07_324.jpg,0,0,0,2.842284
IMG/center_2017_04_04_22_58_07_410.jpg,IMG/left_2017_04_04_22_58_07_410.jpg,IMG/right_2017_04_04_22_58_07_410.jpg,0.04716982,0,0,2.779566
IMG/center_2017_04_04_22_58_07_496.jpg,IMG/left_2017_04_04_22_58_07_496.jpg,IMG/right_2017_04_04_22_58_07_496.jpg,0.0754717,0,0,2.707751
IMG/center_2017_04_04_22_58_07_582.jpg,IMG/left_2017_04_04_22_58_07_582.jpg,IMG/right_2017_04_04_22_58_07_582.jpg,0.0754717,0,0,2.651451
IMG/center_2017_04_04_22_58_07_667.jpg,IMG/left_2017_04_04_22_58_07_667.jpg,IMG/right_2017_04_04_22_58_07_667.jpg,0.08490566,0,0,2.596643
IMG/center_2017_04_04_22_58_07_752.jpg,IMG/left_2017_04_04_22_58_07_752.jpg,IMG/right_2017_04_04_22_58_07_752.jpg,0.1132075,0,0,2.53379
IMG/center_2017_04_04_22_58_07_838.jpg,IMG/left_2017_04_04_22_58_07_838.jpg,IMG/right_2017_04_04_22_58_07_838.jpg,0.1132075,0,0,2.484873
IMG/center_2017_04_04_22_58_07_924.jpg,IMG/left_2017_04_04_22_58_07_924.jpg,IMG/right_2017_04_04_22_58_07_924.jpg,0.1132075,0,0,2.437232
IMG/center_2017_04_04_22_58_08_010.jpg,IMG/left_2017_04_04_22_58_08_010.jpg,IMG/right_2017_04_04_22_58_08_010.jpg,0.1132075,0,0,2.390948
IMG/center_2017_04_04_22_58_08_096.jpg,IMG/left_2017_04_04_22_58_08_096.jpg,IMG/right_2017_04_04_22_58_08_096.jpg,0.1132075,0,0,2.334611
IMG/center_2017_04_04_22_58_08_183.jpg,IMG/left_2017_04_04_22_58_08_183.jpg,IMG/right_2017_04_04_22_58_08_183.jpg,0.1132075,0,0,2.291185
IMG/center_2017_04_04_22_58_08_270.jpg,IMG/left_2017_04_04_22_58_08_270.jpg,IMG/right_2017_04_04_22_58_08_270.jpg,0.2132075,0,0,2.25274
IMG/center_2017_04_04_22_58_08_356.jpg,IMG/left_2017_04_04_22_58_08_356.jpg,IMG/right_2017_04_04_22_58_08_356.jpg,0.4632076,0,0,2.227774
IMG/center_2017_04_04_22_58_08_442.jpg,IMG/left_2017_04_04_22_58_08_442.jpg,IMG/right_2017_04_04_22_58_08_442.jpg,0.1509434,0,0,2.189058
IMG/center_2017_04_04_22_58_08_530.jpg,IMG/left_2017_04_04_22_58_08_530.jpg,IMG/right_2017_04_04_22_58_08_530.jpg,0.1509434,0,0,2.151582
IMG/center_2017_04_04_22_58_08_616.jpg,IMG/left_2017_04_04_22_58_08_616.jpg,IMG/right_2017_04_04_22_58_08_616.jpg,0.1509434,0,0,2.11216
IMG/center_2017_04_04_22_58_08_702.jpg,IMG/left_2017_04_04_22_58_08_702.jpg,IMG/right_2017_04_04_22_58_08_702.jpg,0.1509434,0,0,2.082177
IMG/center_2017_04_04_22_58_08_789.jpg,IMG/left_2017_04_04_22_58_08_789.jpg,IMG/right_2017_04_04_22_58_08_789.jpg,0.1509434,0,0,2.053372
IMG/center_2017_04_04_22_58_08_876.jpg,IMG/left_2017_04_04_22_58_08_876.jpg,IMG/right_2017_04_04_22_58_08_876.jpg,0.1509434,0,0,2.01474
IMG/center_2017_04_04_22_58_08_963.jpg,IMG/left_2017_04_04_22_58_08_963.jpg,IMG/right_2017_04_04_22_58_08_963.jpg,0.1509434,0,0,1.980279
IMG/center_2017_04_04_22_58_09_049.jpg,IMG/left_2017_04_04_22_58_09_049.jpg,IMG/right_2017_04_04_22_58_09_049.jpg,0.3509434,0,0,1.958983
IMG/center_2017_04_04_22_58_09_137.jpg,IMG/left_2017_04_04_22_58_09_137.jpg,IMG/right_2017_04_04_22_58_09_137.jpg,0.1509434,0,0,1.926529
IMG/center_2017_04_04_22_58_09_223.jpg,IMG/left_2017_04_04_22_58_09_223.jpg,IMG/right_2017_04_04_22_58_09_223.jpg,0.2509434,0,0,1.89919
IMG/center_2017_04_04_22_58_09_310.jpg,IMG/left_2017_04_04_22_58_09_310.jpg,IMG/right_2017_04_04_22_58_09_310.jpg,0.1509434,0,0,1.873392
IMG/center_2017_04_04_22_58_09_398.jpg,IMG/left_2017_04_04_22_58_09_398.jpg,IMG/right_2017_04_04_22_58_09_398.jpg,0.1509434,0,0,1.83805
IMG/center_2017_04_04_22_58_09_485.jpg,IMG/left_2017_04_04_22_58_09_485.jpg,IMG/right_2017_04_04_22_58_09_485.jpg,0.3509434,0,0,1.822109
IMG/center_2017_04_04_22_58_09_572.jpg,IMG/left_2017_04_04_22_58_09_572.jpg,IMG/right_2017_04_04_22_58_09_572.jpg,0.1509434,0,0,1.785449
IMG/center_2017_04_04_22_58_09_659.jpg,IMG/left_2017_04_04_22_58_09_659.jpg,IMG/right_2017_04_04_22_58_09_659.jpg,0.1509434,0,0,1.760632
IMG/center_2017_04_04_22_58_09_746.jpg,IMG/left_2017_04_04_22_58_09_746.jpg,IMG/right_2017_04_04_22_58_09_746.jpg,0.1509434,0.1309954,0,1.771829
IMG/center_2017_04_04_22_58_09_832.jpg,IMG/left_2017_04_04_22_58_09_832.jpg,IMG/right_2017_04_04_22_58_09_832.jpg,0.1509434,0.3895203,0,2.152075
IMG/center_2017_04_04_22_58_09_920.jpg,IMG/left_2017_04_04_22_58_09_920.jpg,IMG/right_2017_04_04_22_58_09_920.jpg,0.1509434,0.6508759,0,2.711544
IMG/center_2017_04_04_22_58_10_006.jpg,IMG/left_2017_04_04_22_58_10_006.jpg,IMG/right_2017_04_04_22_58_10_006.jpg,0.1509434,0.9107385,0,3.489627
IMG/center_2017_04_04_22_58_10_093.jpg,IMG/left_2017_04_04_22_58_10_093.jpg,IMG/right_2017_04_04_22_58_10_093.jpg,0.1509434,1,0,4.646594
IMG/center_2017_04_04_22_58_10_179.jpg,IMG/left_2017_04_04_22_58_10_179.jpg,IMG/right_2017_04_04_22_58_10_179.jpg,0.1509434,1,0,5.569483
IMG/center_2017_04_04_22_58_10_266.jpg,IMG/left_2017_04_04_22_58_10_266.jpg,IMG/right_2017_04_04_22_58_10_266.jpg,0.1509434,0.870596,0,6.432695
IMG/center_2017_04_04_22_58_10_354.jpg,IMG/left_2017_04_04_22_58_10_354.jpg,IMG/right_2017_04_04_22_58_10_354.jpg,0.1509434,0.6103008,0,7.182813
IMG/center_2017_04_04_22_58_10_441.jpg,IMG/left_2017_04_04_22_58_10_441.jpg,IMG/right_2017_04_04_22_58_10_441.jpg,0.1509434,0.3467173,0,7.543145
IMG/center_2017_04_04_22_58_10_528.jpg,IMG/left_2017_04_04_22_58_10_528.jpg,IMG/right_2017_04_04_22_58_10_528.jpg,0.1509434,0.08556992,0,7.64778
IMG/center_2017_04_04_22_58_10_615.jpg,IMG/left_2017_04_04_22_58_10_615.jpg,IMG/right_2017_04_04_22_58_10_615.jpg,0.1509434,0,0,7.582556
IMG/center_2017_04_04_22_58_10_702.jpg,IMG/left_2017_04_04_22_58_10_702.jpg,IMG/right_2017_04_04_22_58_10_702.jpg,0.1509434,0,0,7.528182
IMG/center_2017_04_04_22_58_10_788.jpg,IMG/left_2017_04_04_22_58_10_788.jpg,IMG/right_2017_04_04_22_58_10_788.jpg,0.1509434,0,0,7.475966
IMG/center_2017_04_04_22_58_10_875.jpg,IMG/left_2017_04_04_22_58_10_875.jpg,IMG/right_2017_04_04_22_58_10_875.jpg,0.1509434,0,0,7.416333
IMG/center_2017_04_04_22_58_10_963.jpg,IMG/left_2017_04_04_22_58_10_963.jpg,IMG/right_2017_04_04_22_58_10_963.jpg,0.1509434,0,0,7.37155
IMG/center_2017_04_04_22_58_11_051.jpg,IMG/left_2017_04_04_22_58_11_051.jpg,IMG/right_2017_04_04_22_58_11_051.jpg,0.1509434,0,0,7.304504
IMG/center_2017_04_04_22_58_11_140.jpg,IMG/left_2017_04_04_22_58_11_140.jpg,IMG/right_2017_04_04_22_58_11_140.jpg,0.1509434,0,0,7.250019
IMG/center_2017_04_04_22_58_11_227.jpg,IMG/left_2017_04_04_22_58_11_227.jpg,IMG/right_2017_04_04_22_58_11_227.jpg,0.1509434,0,0,7.192894
IMG/center_2017_04_04_22_58_11_315.jpg,IMG/left_2017_04_04_22_58_11_315.jpg,IMG/right_2017_04_04_22_58_11_315.jpg,0.1509434,0,0,7.122886
IMG/center_2017_04_04_22_58_11_403.jpg,IMG/left_2017_04_04_22_58_11_403.jpg,IMG/right_2017_04_04_22_58_11_403.jpg,0.1509434,0,0,7.068683
IMG/center_2017_04_04_22_58_11_492.jpg,IMG/left_2017_04_04_22_58_11_492.jpg,IMG/right_2017_04_04_22_58_11_492.jpg,0.1509434,0,0,7.002122
IMG/center_2017_04_04_22_58_11_579.jpg,IMG/left_2017_04_04_22_58_11_579.jpg,IMG/right_2017_04_04_22_58_11_579.jpg,0.1132075,0,0,6.94994
IMG/center_2017_04_04_22_58_11_666.jpg,IMG/left_2017_04_04_22_58_11_666.jpg,IMG/right_2017_04_04_22_58_11_666.jpg,0.09433963,0,0,6.897945
IMG/center_2017_04_04_22_58_11_754.jpg,IMG/left_2017_04_04_22_58_11_754.jpg,IMG/right_2017_04_04_22_58_11_754.jpg,0.08490566,0,0,6.833587
IMG/center_2017_04_04_22_58_11_841.jpg,IMG/left_2017_04_04_22_58_11_841.jpg,IMG/right_2017_04_04_22_58_11_841.jpg,0.0754717,0,0,6.782712
IMG/center_2017_04_04_22_58_11_928.jpg,IMG/left_2017_04_04_22_58_11_928.jpg,IMG/right_2017_04_04_22_58_11_928.jpg,0.06603774,0,0,6.732286
IMG/center_2017_04_04_22_58_12_016.jpg,IMG/left_2017_04_04_22_58_12_016.jpg,IMG/right_2017_04_04_22_58_12_016.jpg,0.03773585,0,0,6.669471
IMG/center_2017_04_04_22_58_12_104.jpg,IMG/left_2017_04_04_22_58_12_104.jpg,IMG/right_2017_04_04_22_58_12_104.jpg,0,0.2651763,0,6.7974
IMG/center_2017_04_04_22_58_12_192.jpg,IMG/left_2017_04_04_22_58_12_192.jpg,IMG/right_2017_04_04_22_58_12_192.jpg,-0.03773585,0.2646292,0,7.116799
IMG/center_2017_04_04_22_58_12_279.jpg,IMG/left_2017_04_04_22_58_12_279.jpg,IMG/right_2017_04_04_22_58_12_279.jpg,-0.05660377,0.00161773,0,7.14334
IMG/center_2017_04_04_22_58_12_367.jpg,IMG/left_2017_04_04_22_58_12_367.jpg,IMG/right_2017_04_04_22_58_12_367.jpg,-0.0754717,0.002676662,0,7.153342
IMG/center_2017_04_04_22_58_12_454.jpg,IMG/left_2017_04_04_22_58_12_454.jpg,IMG/right_2017_04_04_22_58_12_454.jpg,-0.08490566,0,0,7.084082
IMG/center_2017_04_04_22_58_12_541.jpg,IMG/left_2017_04_04_22_58_12_541.jpg,IMG/right_2017_04_04_22_58_12_541.jpg,-0.08490566,0.2625466,0,7.204016
IMG/center_2017_04_04_22_58_12_628.jpg,IMG/left_2017_04_04_22_58_12_628.jpg,IMG/right_2017_04_04_22_58_12_628.jpg,-0.08490566,0.002987605,0,7.229667
IMG/center_2017_04_04_22_58_12_715.jpg,IMG/left_2017_04_04_22_58_12_715.jpg,IMG/right_2017_04_04_22_58_12_715.jpg,-0.08490566,0,0,7.159611
IMG/center_2017_04_04_22_58_12_803.jpg,IMG/left_2017_04_04_22_58_12_803.jpg,IMG/right_2017_04_04_22_58_12_803.jpg,-0.08490566,0.2619144,0,7.279098
IMG/center_2017_04_04_22_58_12_889.jpg,IMG/left_2017_04_04_22_58_12_889.jpg,IMG/right_2017_04_04_22_58_12_889.jpg,-0.08490566,0.002402406,0,7.303217
IMG/center_2017_04_04_22_58_12_975.jpg,IMG/left_2017_04_04_22_58_12_975.jpg,IMG/right_2017_04_04_22_58_12_975.jpg,0.01509434,0,0,7.23177
IMG/center_2017_04_04_22_58_13_062.jpg,IMG/left_2017_04_04_22_58_13_062.jpg,IMG/right_2017_04_04_22_58_13_062.jpg,0.2150943,0,0,7.164328
IMG/center_2017_04_04_22_58_13_149.jpg,IMG/left_2017_04_04_22_58_13_149.jpg,IMG/right_2017_04_04_22_58_13_149.jpg,-0.08490566,0,0,7.095613
IMG/center_2017_04_04_22_58_13_236.jpg,IMG/left_2017_04_04_22_58_13_236.jpg,IMG/right_2017_04_04_22_58_13_236.jpg,0.1650943,0,0,7.021479
IMG/center_2017_04_04_22_58_13_323.jpg,IMG/left_2017_04_04_22_58_13_323.jpg,IMG/right_2017_04_04_22_58_13_323.jpg,-0.0754717,0,0,6.957955
IMG/center_2017_04_04_22_58_13_410.jpg,IMG/left_2017_04_04_22_58_13_410.jpg,IMG/right_2017_04_04_22_58_13_410.jpg,0.1245283,0,0,6.901227
IMG/center_2017_04_04_22_58_13_496.jpg,IMG/left_2017_04_04_22_58_13_496.jpg,IMG/right_2017_04_04_22_58_13_496.jpg,-0.04716982,0,0,6.83141
IMG/center_2017_04_04_22_58_13_582.jpg,IMG/left_2017_04_04_22_58_13_582.jpg,IMG/right_2017_04_04_22_58_13_582.jpg,-0.04716982,0,0,6.778386
IMG/center_2017_04_04_22_58_13_668.jpg,IMG/left_2017_04_04_22_58_13_668.jpg,IMG/right_2017_04_04_22_58_13_668.jpg,-0.04716982,0,0,6.725968
IMG/center_2017_04_04_22_58_13_756.jpg,IMG/left_2017_04_04_22_58_13_756.jpg,IMG/right_2017_04_04_22_58_13_756.jpg,-0.04716982,0,0,6.66101
IMG/center_2017_04_04_22_58_13_841.jpg,IMG/left_2017_04_04_22_58_13_841.jpg,IMG/right_2017_04_04_22_58_13_841.jpg,-0.04716982,0,0,6.609447
IMG/center_2017_04_04_22_58_13_928.jpg,IMG/left_2017_04_04_22_58_13_928.jpg,IMG/right_2017_04_04_22_58_13_928.jpg,0.05283019,0,0,6.557625
IMG/center_2017_04_04_22_58_14_014.jpg,IMG/left_2017_04_04_22_58_14_014.jpg,IMG/right_2017_04_04_22_58_14_014.jpg,-0.04716982,0,0,6.481511
IMG/center_2017_04_04_22_58_14_101.jpg,IMG/left_2017_04_04_22_58_14_101.jpg,IMG/right_2017_04_04_22_58_14_101.jpg,-0.04716982,0,0,6.429313
IMG/center_2017_04_04_22_58_14_186.jpg,IMG/left_2017_04_04_22_58_14_186.jpg,IMG/right_2017_04_04_22_58_14_186.jpg,0.1528302,0,0,6.375723
IMG/center_2017_04_04_22_58_14_273.jpg,IMG/left_2017_04_04_22_58_14_273.jpg,IMG/right_2017_04_04_22_58_14_273.jpg,-0.04716982,0,0,6.309741
IMG/center_2017_04_04_22_58_14_357.jpg,IMG/left_2017_04_04_22_58_14_357.jpg,IMG/right_2017_04_04_22_58_14_357.jpg,0.1528302,0,0,6.257254
IMG/center_2017_04_04_22_58_14_443.jpg,IMG/left_2017_04_04_22_58_14_443.jpg,IMG/right_2017_04_04_22_58_14_443.jpg,-0.009433962,0,0,6.207118
IMG/center_2017_04_04_22_58_14_528.jpg,IMG/left_2017_04_04_22_58_14_528.jpg,IMG/right_2017_04_04_22_58_14_528.jpg,0.190566,0,0,6.154825
IMG/center_2017_04_04_22_58_14_614.jpg,IMG/left_2017_04_04_22_58_14_614.jpg,IMG/right_2017_04_04_22_58_14_614.jpg,0,0,0,6.074594
IMG/center_2017_04_04_22_58_14_699.jpg,IMG/left_2017_04_04_22_58_14_699.jpg,IMG/right_2017_04_04_22_58_14_699.jpg,0.1,0,0,6.026765
IMG/center_2017_04_04_22_58_14_784.jpg,IMG/left_2017_04_04_22_58_14_784.jpg,IMG/right_2017_04_04_22_58_14_784.jpg,0.3,0,0,5.969869
IMG/center_2017_04_04_22_58_14_870.jpg,IMG/left_2017_04_04_22_58_14_870.jpg,IMG/right_2017_04_04_22_58_14_870.jpg,0.009433962,0,0,5.917469
IMG/center_2017_04_04_22_58_14_956.jpg,IMG/left_2017_04_04_22_58_14_956.jpg,IMG/right_2017_04_04_22_58_14_956.jpg,0.259434,0,0,5.852099
IMG/center_2017_04_04_22_58_15_042.jpg,IMG/left_2017_04_04_22_58_15_042.jpg,IMG/right_2017_04_04_22_58_15_042.jpg,0.009433962,0,0,5.803134
IMG/center_2017_04_04_22_58_15_128.jpg,IMG/left_2017_04_04_22_58_15_128.jpg,IMG/right_2017_04_04_22_58_15_128.jpg,0.109434,0,0,5.75774
IMG/center_2017_04_04_22_58_15_214.jpg,IMG/left_2017_04_04_22_58_15_214.jpg,IMG/right_2017_04_04_22_58_15_214.jpg,0.009433962,0,0,5.690765
IMG/center_2017_04_04_22_58_15_299.jpg,IMG/left_2017_04_04_22_58_15_299.jpg,IMG/right_2017_04_04_22_58_15_299.jpg,0.109434,0,0,5.646222
IMG/center_2017_04_04_22_58_15_386.jpg,IMG/left_2017_04_04_22_58_15_386.jpg,IMG/right_2017_04_04_22_58_15_386.jpg,0.009433962,0,0,5.597051
IMG/center_2017_04_04_22_58_15_472.jpg,IMG/left_2017_04_04_22_58_15_472.jpg,IMG/right_2017_04_04_22_58_15_472.jpg,0.009433962,0,0,5.543814
IMG/center_2017_04_04_22_58_15_557.jpg,IMG/left_2017_04_04_22_58_15_557.jpg,IMG/right_2017_04_04_22_58_15_557.jpg,0.009433962,0,0,5.502056
IMG/center_2017_04_04_22_58_15_644.jpg,IMG/left_2017_04_04_22_58_15_644.jpg,IMG/right_2017_04_04_22_58_15_644.jpg,0.009433962,0,0,5.460656
IMG/center_2017_04_04_22_58_15_729.jpg,IMG/left_2017_04_04_22_58_15_729.jpg,IMG/right_2017_04_04_22_58_15_729.jpg,0.009433962,0,0,5.419319
IMG/center_2017_04_04_22_58_15_815.jpg,IMG/left_2017_04_04_22_58_15_815.jpg,IMG/right_2017_04_04_22_58_15_815.jpg,0.009433962,0,0,5.367113
IMG/center_2017_04_04_22_58_15_900.jpg,IMG/left_2017_04_04_22_58_15_900.jpg,IMG/right_2017_04_04_22_58_15_900.jpg,0,0,0,5.325698
IMG/center_2017_04_04_22_58_15_985.jpg,IMG/left_2017_04_04_22_58_15_985.jpg,IMG/right_2017_04_04_22_58_15_985.jpg,0,0,0,5.284615
IMG/center_2017_04_04_22_58_16_072.jpg,IMG/left_2017_04_04_22_58_16_072.jpg,IMG/right_2017_04_04_22_58_16_072.jpg,0,0,0,5.233736
IMG/center_2017_04_04_22_58_16_157.jpg,IMG/left_2017_04_04_22_58_16_157.jpg,IMG/right_2017_04_04_22_58_16_157.jpg,0,0.1293395,0,5.250197
IMG/center_2017_04_04_22_58_16_243.jpg,IMG/left_2017_04_04_22_58_16_243.jpg,IMG/right_2017_04_04_22_58_16_243.jpg,0,0.1280532,0,5.397502
IMG/center_2017_04_04_22_58_16_330.jpg,IMG/left_2017_04_04_22_58_16_330.jpg,IMG/right_2017_04_04_22_58_16_330.jpg,0,0,0,5.36236
IMG/center_2017_04_04_22_58_16_416.jpg,IMG/left_2017_04_04_22_58_16_416.jpg,IMG/right_2017_04_04_22_58_16_416.jpg,-0.009433962,0.0001305267,0,5.404823
IMG/center_2017_04_04_22_58_16_500.jpg,IMG/left_2017_04_04_22_58_16_500.jpg,IMG/right_2017_04_04_22_58_16_500.jpg,-0.009433962,0,0,5.363482
IMG/center_2017_04_04_22_58_16_585.jpg,IMG/left_2017_04_04_22_58_16_585.jpg,IMG/right_2017_04_04_22_58_16_585.jpg,-0.009433962,0.2539856,0,5.495618
IMG/center_2017_04_04_22_58_16_670.jpg,IMG/left_2017_04_04_22_58_16_670.jpg,IMG/right_2017_04_04_22_58_16_670.jpg,-0.009433962,0,0,5.527663
IMG/center_2017_04_04_22_58_16_755.jpg,IMG/left_2017_04_04_22_58_16_755.jpg,IMG/right_2017_04_04_22_58_16_755.jpg,-0.009433962,0.1276719,0,5.53057
IMG/center_2017_04_04_22_58_16_840.jpg,IMG/left_2017_04_04_22_58_16_840.jpg,IMG/right_2017_04_04_22_58_16_840.jpg,-0.009433962,0.1268682,0,5.674106
IMG/center_2017_04_04_22_58_16_926.jpg,IMG/left_2017_04_04_22_58_16_926.jpg,IMG/right_2017_04_04_22_58_16_926.jpg,-0.009433962,0,0,5.63718
IMG/center_2017_04_04_22_58_17_012.jpg,IMG/left_2017_04_04_22_58_17_012.jpg,IMG/right_2017_04_04_22_58_17_012.jpg,-0.009433962,0.2565098,0,5.819853
IMG/center_2017_04_04_22_58_17_097.jpg,IMG/left_2017_04_04_22_58_17_097.jpg,IMG/right_2017_04_04_22_58_17_097.jpg,-0.009433962,0.0006292202,0,5.851452
IMG/center_2017_04_04_22_58_17_182.jpg,IMG/left_2017_04_04_22_58_17_182.jpg,IMG/right_2017_04_04_22_58_17_182.jpg,-0.009433962,0.1274797,0,5.861962
IMG/center_2017_04_04_22_58_17_267.jpg,IMG/left_2017_04_04_22_58_17_267.jpg,IMG/right_2017_04_04_22_58_17_267.jpg,-0.009433962,0.1273786,0,6.002997
IMG/center_2017_04_04_22_58_17_353.jpg,IMG/left_2017_04_04_22_58_17_353.jpg,IMG/right_2017_04_04_22_58_17_353.jpg,-0.009433962,0,0,5.952256
IMG/center_2017_04_04_22_58_17_439.jpg,IMG/left_2017_04_04_22_58_17_439.jpg,IMG/right_2017_04_04_22_58_17_439.jpg,-0.009433962,0.2584766,0,6.081679
IMG/center_2017_04_04_22_58_17_525.jpg,IMG/left_2017_04_04_22_58_17_525.jpg,IMG/right_2017_04_04_22_58_17_525.jpg,-0.009433962,0,0,6.112144
IMG/center_2017_04_04_22_58_17_611.jpg,IMG/left_2017_04_04_22_58_17_611.jpg,IMG/right_2017_04_04_22_58_17_611.jpg,-0.009433962,0.1294275,0,6.141122
IMG/center_2017_04_04_22_58_17_696.jpg,IMG/left_2017_04_04_22_58_17_696.jpg,IMG/right_2017_04_04_22_58_17_696.jpg,-0.009433962,0.1274196,0,6.280989
IMG/center_2017_04_04_22_58_17_782.jpg,IMG/left_2017_04_04_22_58_17_782.jpg,IMG/right_2017_04_04_22_58_17_782.jpg,-0.009433962,0,0,6.240739
IMG/center_2017_04_04_22_58_17_868.jpg,IMG/left_2017_04_04_22_58_17_868.jpg,IMG/right_2017_04_04_22_58_17_868.jpg,-0.009433962,0.2573296,0,6.366573
IMG/center_2017_04_04_22_58_17_953.jpg,IMG/left_2017_04_04_22_58_17_953.jpg,IMG/right_2017_04_04_22_58_17_953.jpg,-0.009433962,0.001271605,0,6.383733
IMG/center_2017_04_04_22_58_18_039.jpg,IMG/left_2017_04_04_22_58_18_039.jpg,IMG/right_2017_04_04_22_58_18_039.jpg,-0.009433962,0,0,6.334992
IMG/center_2017_04_04_22_58_18_126.jpg,IMG/left_2017_04_04_22_58_18_126.jpg,IMG/right_2017_04_04_22_58_18_126.jpg,-0.02830189,0.003066797,0,6.351068
IMG/center_2017_04_04_22_58_18_211.jpg,IMG/left_2017_04_04_22_58_18_211.jpg,IMG/right_2017_04_04_22_58_18_211.jpg,-0.02830189,0,0,6.290411
IMG/center_2017_04_04_22_58_18_296.jpg,IMG/left_2017_04_04_22_58_18_296.jpg,IMG/right_2017_04_04_22_58_18_296.jpg,-0.02830189,0.2555579,0,6.414353
IMG/center_2017_04_04_22_58_18_382.jpg,IMG/left_2017_04_04_22_58_18_382.jpg,IMG/right_2017_04_04_22_58_18_382.jpg,-0.02830189,0,0,6.440586
IMG/center_2017_04_04_22_58_18_467.jpg,IMG/left_2017_04_04_22_58_18_467.jpg,IMG/right_2017_04_04_22_58_18_467.jpg,-0.02830189,0,0,6.391114
IMG/center_2017_04_04_22_58_18_553.jpg,IMG/left_2017_04_04_22_58_18_553.jpg,IMG/right_2017_04_04_22_58_18_553.jpg,-0.03773585,0.2542731,0,6.562192
IMG/center_2017_04_04_22_58_18_637.jpg,IMG/left_2017_04_04_22_58_18_637.jpg,IMG/right_2017_04_04_22_58_18_637.jpg,-0.04716982,0.0001422577,0,6.587557
IMG/center_2017_04_04_22_58_18_721.jpg,IMG/left_2017_04_04_22_58_18_721.jpg,IMG/right_2017_04_04_22_58_18_721.jpg,-0.06603774,0.1259148,0,6.590448
IMG/center_2017_04_04_22_58_18_806.jpg,IMG/left_2017_04_04_22_58_18_806.jpg,IMG/right_2017_04_04_22_58_18_806.jpg,-0.09433963,0.1264252,0,6.72244
IMG/center_2017_04_04_22_58_18_891.jpg,IMG/left_2017_04_04_22_58_18_891.jpg,IMG/right_2017_04_04_22_58_18_891.jpg,-0.09433963,0,0,6.663643
IMG/center_2017_04_04_22_58_18_975.jpg,IMG/left_2017_04_04_22_58_18_975.jpg,IMG/right_2017_04_04_22_58_18_975.jpg,-0.09433963,0.2536542,0,6.781411
IMG/center_2017_04_04_22_58_19_061.jpg,IMG/left_2017_04_04_22_58_19_061.jpg,IMG/right_2017_04_04_22_58_19_061.jpg,-0.09433963,0,0,6.803357
IMG/center_2017_04_04_22_58_19_145.jpg,IMG/left_2017_04_04_22_58_19_145.jpg,IMG/right_2017_04_04_22_58_19_145.jpg,-0.09433963,0.1266129,0,6.803733
IMG/center_2017_04_04_22_58_19_229.jpg,IMG/left_2017_04_04_22_58_19_229.jpg,IMG/right_2017_04_04_22_58_19_229.jpg,-0.09433963,0,0,6.757846
IMG/center_2017_04_04_22_58_19_313.jpg,IMG/left_2017_04_04_22_58_19_313.jpg,IMG/right_2017_04_04_22_58_19_313.jpg,-0.09433963,0.1248881,0,6.744493
IMG/center_2017_04_04_22_58_19_396.jpg,IMG/left_2017_04_04_22_58_19_396.jpg,IMG/right_2017_04_04_22_58_19_396.jpg,-0.09433963,0.1260116,0,6.874065
IMG/center_2017_04_04_22_58_19_480.jpg,IMG/left_2017_04_04_22_58_19_480.jpg,IMG/right_2017_04_04_22_58_19_480.jpg,-0.09433963,0,0,6.827327
IMG/center_2017_04_04_22_58_19_564.jpg,IMG/left_2017_04_04_22_58_19_564.jpg,IMG/right_2017_04_04_22_58_19_564.jpg,-0.09433963,0.001292136,0,6.83525
IMG/center_2017_04_04_22_58_19_647.jpg,IMG/left_2017_04_04_22_58_19_647.jpg,IMG/right_2017_04_04_22_58_19_647.jpg,-0.09433963,0.250473,0,6.950102
IMG/center_2017_04_04_22_58_19_730.jpg,IMG/left_2017_04_04_22_58_19_730.jpg,IMG/right_2017_04_04_22_58_19_730.jpg,-0.09433963,0.001082394,0,6.970475
IMG/center_2017_04_04_22_58_19_814.jpg,IMG/left_2017_04_04_22_58_19_814.jpg,IMG/right_2017_04_04_22_58_19_814.jpg,-0.09433963,0.1258239,0,6.955031
IMG/center_2017_04_04_22_58_19_897.jpg,IMG/left_2017_04_04_22_58_19_897.jpg,IMG/right_2017_04_04_22_58_19_897.jpg,-0.09433963,0.1246814,0,7.081522
IMG/center_2017_04_04_22_58_19_981.jpg,IMG/left_2017_04_04_22_58_19_981.jpg,IMG/right_2017_04_04_22_58_19_981.jpg,-0.1132075,0,0,7.032247
IMG/center_2017_04_04_22_58_20_064.jpg,IMG/left_2017_04_04_22_58_20_064.jpg,IMG/right_2017_04_04_22_58_20_064.jpg,-0.1132075,0.2496986,0,7.142667
IMG/center_2017_04_04_22_58_20_148.jpg,IMG/left_2017_04_04_22_58_20_148.jpg,IMG/right_2017_04_04_22_58_20_148.jpg,-0.1226415,0,0,7.160927
IMG/center_2017_04_04_22_58_20_233.jpg,IMG/left_2017_04_04_22_58_20_233.jpg,IMG/right_2017_04_04_22_58_20_233.jpg,-0.1320755,0.1278259,0,7.142848
IMG/center_2017_04_04_22_58_20_317.jpg,IMG/left_2017_04_04_22_58_20_317.jpg,IMG/right_2017_04_04_22_58_20_317.jpg,-0.1792453,0.1245831,0,7.266611
IMG/center_2017_04_04_22_58_20_401.jpg,IMG/left_2017_04_04_22_58_20_401.jpg,IMG/right_2017_04_04_22_58_20_401.jpg,-0.1981132,0.1274607,0,7.267885
IMG/center_2017_04_04_22_58_20_487.jpg,IMG/left_2017_04_04_22_58_20_487.jpg,IMG/right_2017_04_04_22_58_20_487.jpg,-0.1981132,0.3830025,0,7.502848
IMG/center_2017_04_04_22_58_20_572.jpg,IMG/left_2017_04_04_22_58_20_572.jpg,IMG/right_2017_04_04_22_58_20_572.jpg,-0.1981132,0.1291386,0,7.660769
IMG/center_2017_04_04_22_58_20_656.jpg,IMG/left_2017_04_04_22_58_20_656.jpg,IMG/right_2017_04_04_22_58_20_656.jpg,-0.1981132,0.1307988,0,7.664045
IMG/center_2017_04_04_22_58_20_740.jpg,IMG/left_2017_04_04_22_58_20_740.jpg,IMG/right_2017_04_04_22_58_20_740.jpg,-0.1981132,0,0,7.613416
IMG/center_2017_04_04_22_58_20_824.jpg,IMG/left_2017_04_04_22_58_20_824.jpg,IMG/right_2017_04_04_22_58_20_824.jpg,-0.1981132,0.1259383,0,7.605114
IMG/center_2017_04_04_22_58_20_908.jpg,IMG/left_2017_04_04_22_58_20_908.jpg,IMG/right_2017_04_04_22_58_20_908.jpg,-0.1981132,0.1240551,0,7.726036
IMG/center_2017_04_04_22_58_20_992.jpg,IMG/left_2017_04_04_22_58_20_992.jpg,IMG/right_2017_04_04_22_58_20_992.jpg,-0.2075472,0,0,7.656185
IMG/center_2017_04_04_22_58_21_075.jpg,IMG/left_2017_04_04_22_58_21_075.jpg,IMG/right_2017_04_04_22_58_21_075.jpg,-0.2075472,0.2497206,0,7.760489
IMG/center_2017_04_04_22_58_21_159.jpg,IMG/left_2017_04_04_22_58_21_159.jpg,IMG/right_2017_04_04_22_58_21_159.jpg,-0.2075472,0,0,7.774096
IMG/center_2017_04_04_22_58_21_243.jpg,IMG/left_2017_04_04_22_58_21_243.jpg,IMG/right_2017_04_04_22_58_21_243.jpg,-0.2075472,0.12606,0,7.764503
IMG/center_2017_04_04_22_58_21_325.jpg,IMG/left_2017_04_04_22_58_21_325.jpg,IMG/right_2017_04_04_22_58_21_325.jpg,-0.2075472,0.1272055,0,7.885503
IMG/center_2017_04_04_22_58_21_408.jpg,IMG/left_2017_04_04_22_58_21_408.jpg,IMG/right_2017_04_04_22_58_21_408.jpg,-0.2075472,0,0,7.830935
IMG/center_2017_04_04_22_58_21_492.jpg,IMG/left_2017_04_04_22_58_21_492.jpg,IMG/right_2017_04_04_22_58_21_492.jpg,-0.2075472,0.2489711,0,7.97748
IMG/center_2017_04_04_22_58_21_574.jpg,IMG/left_2017_04_04_22_58_21_574.jpg,IMG/right_2017_04_04_22_58_21_574.jpg,-0.2075472,0.00122761,0,7.990585
IMG/center_2017_04_04_22_58_21_656.jpg,IMG/left_2017_04_04_22_58_21_656.jpg,IMG/right_2017_04_04_22_58_21_656.jpg,-0.2075472,0,0,7.926425
IMG/center_2017_04_04_22_58_21_739.jpg,IMG/left_2017_04_04_22_58_21_739.jpg,IMG/right_2017_04_04_22_58_21_739.jpg,-0.2075472,0,0,7.862667
IMG/center_2017_04_04_22_58_21_818.jpg,IMG/left_2017_04_04_22_58_21_818.jpg,IMG/right_2017_04_04_22_58_21_818.jpg,-0.2075472,0,0,7.799421
IMG/center_2017_04_04_22_58_21_899.jpg,IMG/left_2017_04_04_22_58_21_899.jpg,IMG/right_2017_04_04_22_58_21_899.jpg,-0.2075472,0,0,7.736686
IMG/center_2017_04_04_22_58_21_980.jpg,IMG/left_2017_04_04_22_58_21_980.jpg,IMG/right_2017_04_04_22_58_21_980.jpg,-0.2075472,0,0,7.674458
IMG/center_2017_04_04_22_58_22_060.jpg,IMG/left_2017_04_04_22_58_22_060.jpg,IMG/right_2017_04_04_22_58_22_060.jpg,0,0,0,7.606572
IMG/center_2017_04_04_22_58_22_140.jpg,IMG/left_2017_04_04_22_58_22_140.jpg,IMG/right_2017_04_04_22_58_22_140.jpg,0,0,0,7.543595
IMG/center_2017_04_04_22_58_22_226.jpg,IMG/left_2017_04_04_22_58_22_226.jpg,IMG/right_2017_04_04_22_58_22_226.jpg,0,0,0,7.482897
IMG/center_2017_04_04_22_58_47_167.jpg,IMG/left_2017_04_04_22_58_47_167.jpg,IMG/right_2017_04_04_22_58_47_167.jpg,-0.3773585,0,0,14.60665
IMG/center_2017_04_04_22_58_47_249.jpg,IMG/left_2017_04_04_22_58_47_249.jpg,IMG/right_2017_04_04_22_58_47_249.jpg,-0.3773585,0,0,14.48769
IMG/center_2017_04_04_22_58_47_332.jpg,IMG/left_2017_04_04_22_58_47_332.jpg,IMG/right_2017_04_04_22_58_47_332.jpg,-0.3773585,0,0,14.369
IMG/center_2017_04_04_22_58_47_412.jpg,IMG/left_2017_04_04_22_58_47_412.jpg,IMG/right_2017_04_04_22_58_47_412.jpg,-0.3773585,0,0,14.2511
IMG/center_2017_04_04_22_58_47_495.jpg,IMG/left_2017_04_04_22_58_47_495.jpg,IMG/right_2017_04_04_22_58_47_495.jpg,-0.3773585,0,0,14.13453
IMG/center_2017_04_04_22_58_47_579.jpg,IMG/left_2017_04_04_22_58_47_579.jpg,IMG/right_2017_04_04_22_58_47_579.jpg,-0.4056604,0,0,13.98004
IMG/center_2017_04_04_22_58_47_661.jpg,IMG/left_2017_04_04_22_58_47_661.jpg,IMG/right_2017_04_04_22_58_47_661.jpg,-0.4150943,0,0,13.86186
IMG/center_2017_04_04_22_58_47_742.jpg,IMG/left_2017_04_04_22_58_47_742.jpg,IMG/right_2017_04_04_22_58_47_742.jpg,-0.4433962,0,0,13.74231
IMG/center_2017_04_04_22_58_47_825.jpg,IMG/left_2017_04_04_22_58_47_825.jpg,IMG/right_2017_04_04_22_58_47_825.jpg,-0.4622642,0,0,13.62379
IMG/center_2017_04_04_22_58_47_908.jpg,IMG/left_2017_04_04_22_58_47_908.jpg,IMG/right_2017_04_04_22_58_47_908.jpg,-0.4622642,0,0,13.51154
IMG/center_2017_04_04_22_58_47_989.jpg,IMG/left_2017_04_04_22_58_47_989.jpg,IMG/right_2017_04_04_22_58_47_989.jpg,-0.4150943,0,0,13.40567
IMG/center_2017_04_04_22_58_48_072.jpg,IMG/left_2017_04_04_22_58_48_072.jpg,IMG/right_2017_04_04_22_58_48_072.jpg,-0.3490566,0,0,13.30696
IMG/center_2017_04_04_22_58_48_155.jpg,IMG/left_2017_04_04_22_58_48_155.jpg,IMG/right_2017_04_04_22_58_48_155.jpg,-0.3301887,0,0,13.20683
IMG/center_2017_04_04_22_58_48_238.jpg,IMG/left_2017_04_04_22_58_48_238.jpg,IMG/right_2017_04_04_22_58_48_238.jpg,-0.3301887,0,0,13.07586
IMG/center_2017_04_04_22_58_48_321.jpg,IMG/left_2017_04_04_22_58_48_321.jpg,IMG/right_2017_04_04_22_58_48_321.jpg,-0.3207547,0,0,12.96822
IMG/center_2017_04_04_22_58_48_407.jpg,IMG/left_2017_04_04_22_58_48_407.jpg,IMG/right_2017_04_04_22_58_48_407.jpg,-0.2735849,0,0,12.87023
IMG/center_2017_04_04_22_58_48_492.jpg,IMG/left_2017_04_04_22_58_48_492.jpg,IMG/right_2017_04_04_22_58_48_492.jpg,-0.2735849,0,0,12.76691
IMG/center_2017_04_04_22_58_48_577.jpg,IMG/left_2017_04_04_22_58_48_577.jpg,IMG/right_2017_04_04_22_58_48_577.jpg,-0.2641509,0,0,12.6318
IMG/center_2017_04_04_22_58_48_662.jpg,IMG/left_2017_04_04_22_58_48_662.jpg,IMG/right_2017_04_04_22_58_48_662.jpg,-0.2358491,0,0,12.52881
IMG/center_2017_04_04_22_58_48_748.jpg,IMG/left_2017_04_04_22_58_48_748.jpg,IMG/right_2017_04_04_22_58_48_748.jpg,-0.1792453,0,0,12.42749
IMG/center_2017_04_04_22_58_48_834.jpg,IMG/left_2017_04_04_22_58_48_834.jpg,IMG/right_2017_04_04_22_58_48_834.jpg,-0.1603774,0,0,12.32756
IMG/center_2017_04_04_22_58_48_921.jpg,IMG/left_2017_04_04_22_58_48_921.jpg,IMG/right_2017_04_04_22_58_48_921.jpg,-0.1037736,0,0,12.20091
IMG/center_2017_04_04_22_58_49_009.jpg,IMG/left_2017_04_04_22_58_49_009.jpg,IMG/right_2017_04_04_22_58_49_009.jpg,-0.05660377,0,0,12.09851
IMG/center_2017_04_04_22_58_49_099.jpg,IMG/left_2017_04_04_22_58_49_099.jpg,IMG/right_2017_04_04_22_58_49_099.jpg,0.009433962,0,0,11.97451
IMG/center_2017_04_04_22_58_49_185.jpg,IMG/left_2017_04_04_22_58_49_185.jpg,IMG/right_2017_04_04_22_58_49_185.jpg,0.09433963,0,0,11.86871
IMG/center_2017_04_04_22_58_49_272.jpg,IMG/left_2017_04_04_22_58_49_272.jpg,IMG/right_2017_04_04_22_58_49_272.jpg,0.09433963,0,0,11.77057
IMG/center_2017_04_04_22_58_49_362.jpg,IMG/left_2017_04_04_22_58_49_362.jpg,IMG/right_2017_04_04_22_58_49_362.jpg,0.09433963,0,0,11.63469
IMG/center_2017_04_04_22_58_49_449.jpg,IMG/left_2017_04_04_22_58_49_449.jpg,IMG/right_2017_04_04_22_58_49_449.jpg,0.09433963,0,0,11.53815
IMG/center_2017_04_04_22_58_49_536.jpg,IMG/left_2017_04_04_22_58_49_536.jpg,IMG/right_2017_04_04_22_58_49_536.jpg,0.1509434,0,0,11.46044
IMG/center_2017_04_04_22_58_49_623.jpg,IMG/left_2017_04_04_22_58_49_623.jpg,IMG/right_2017_04_04_22_58_49_623.jpg,0.1792453,0,0,11.30888
IMG/center_2017_04_04_22_58_49_711.jpg,IMG/left_2017_04_04_22_58_49_711.jpg,IMG/right_2017_04_04_22_58_49_711.jpg,0.1792453,0,0,11.22009
IMG/center_2017_04_04_22_58_49_797.jpg,IMG/left_2017_04_04_22_58_49_797.jpg,IMG/right_2017_04_04_22_58_49_797.jpg,0.1792453,0,0,11.26763
IMG/center_2017_04_04_22_58_49_878.jpg,IMG/left_2017_04_04_22_58_49_878.jpg,IMG/right_2017_04_04_22_58_49_878.jpg,0.1792453,0,0,11.12818
IMG/center_2017_04_04_22_58_49_965.jpg,IMG/left_2017_04_04_22_58_49_965.jpg,IMG/right_2017_04_04_22_58_49_965.jpg,0.254717,0,0,11.03176
IMG/center_2017_04_04_22_58_50_053.jpg,IMG/left_2017_04_04_22_58_50_053.jpg,IMG/right_2017_04_04_22_58_50_053.jpg,0.254717,0,0,10.91499
IMG/center_2017_04_04_22_58_50_141.jpg,IMG/left_2017_04_04_22_58_50_141.jpg,IMG/right_2017_04_04_22_58_50_141.jpg,0.254717,0,0,10.82531
IMG/center_2017_04_04_22_58_50_228.jpg,IMG/left_2017_04_04_22_58_50_228.jpg,IMG/right_2017_04_04_22_58_50_228.jpg,0.2735849,0,0,10.73579
IMG/center_2017_04_04_22_58_50_316.jpg,IMG/left_2017_04_04_22_58_50_316.jpg,IMG/right_2017_04_04_22_58_50_316.jpg,0.2735849,0,0,10.62708
IMG/center_2017_04_04_22_58_50_404.jpg,IMG/left_2017_04_04_22_58_50_404.jpg,IMG/right_2017_04_04_22_58_50_404.jpg,0.2735849,0,0,10.54166
IMG/center_2017_04_04_22_58_50_493.jpg,IMG/left_2017_04_04_22_58_50_493.jpg,IMG/right_2017_04_04_22_58_50_493.jpg,0.2924528,0,0,10.4343
IMG/center_2017_04_04_22_58_50_582.jpg,IMG/left_2017_04_04_22_58_50_582.jpg,IMG/right_2017_04_04_22_58_50_582.jpg,0.2924528,0,0,10.35066
IMG/center_2017_04_04_22_58_50_670.jpg,IMG/left_2017_04_04_22_58_50_670.jpg,IMG/right_2017_04_04_22_58_50_670.jpg,0.2264151,0,0,10.27132
IMG/center_2017_04_04_22_58_50_760.jpg,IMG/left_2017_04_04_22_58_50_760.jpg,IMG/right_2017_04_04_22_58_50_760.jpg,0.1415094,0,0,10.17317
IMG/center_2017_04_04_22_58_50_849.jpg,IMG/left_2017_04_04_22_58_50_849.jpg,IMG/right_2017_04_04_22_58_50_849.jpg,0.06603774,0,0,10.09249
IMG/center_2017_04_04_22_58_50_938.jpg,IMG/left_2017_04_04_22_58_50_938.jpg,IMG/right_2017_04_04_22_58_50_938.jpg,-0.01886792,0,0,9.98971
IMG/center_2017_04_04_22_58_51_028.jpg,IMG/left_2017_04_04_22_58_51_028.jpg,IMG/right_2017_04_04_22_58_51_028.jpg,-0.05660377,0,0,9.907017
IMG/center_2017_04_04_22_58_51_119.jpg,IMG/left_2017_04_04_22_58_51_119.jpg,IMG/right_2017_04_04_22_58_51_119.jpg,-0.06603774,0,0,9.806983
IMG/center_2017_04_04_22_58_51_210.jpg,IMG/left_2017_04_04_22_58_51_210.jpg,IMG/right_2017_04_04_22_58_51_210.jpg,-0.06603774,0,0,9.728636
IMG/center_2017_04_04_22_58_51_300.jpg,IMG/left_2017_04_04_22_58_51_300.jpg,IMG/right_2017_04_04_22_58_51_300.jpg,-0.06603774,0,0,9.631793
IMG/center_2017_04_04_22_58_51_393.jpg,IMG/left_2017_04_04_22_58_51_393.jpg,IMG/right_2017_04_04_22_58_51_393.jpg,-0.06603774,0,0,9.535906
IMG/center_2017_04_04_22_58_51_483.jpg,IMG/left_2017_04_04_22_58_51_483.jpg,IMG/right_2017_04_04_22_58_51_483.jpg,-0.06603774,0,0,9.459847
IMG/center_2017_04_04_22_58_51_575.jpg,IMG/left_2017_04_04_22_58_51_575.jpg,IMG/right_2017_04_04_22_58_51_575.jpg,-0.06603774,0,0,9.365568
IMG/center_2017_04_04_22_58_51_666.jpg,IMG/left_2017_04_04_22_58_51_666.jpg,IMG/right_2017_04_04_22_58_51_666.jpg,0,0,0,9.290307
IMG/center_2017_04_04_22_58_51_757.jpg,IMG/left_2017_04_04_22_58_51_757.jpg,IMG/right_2017_04_04_22_58_51_757.jpg,0,0,0,9.198231
IMG/center_2017_04_04_22_58_51_848.jpg,IMG/left_2017_04_04_22_58_51_848.jpg,IMG/right_2017_04_04_22_58_51_848.jpg,0,0,0,9.125398
IMG/center_2017_04_04_22_58_51_940.jpg,IMG/left_2017_04_04_22_58_51_940.jpg,IMG/right_2017_04_04_22_58_51_940.jpg,0,0,0,9.035174
IMG/center_2017_04_04_22_58_52_033.jpg,IMG/left_2017_04_04_22_58_52_033.jpg,IMG/right_2017_04_04_22_58_52_033.jpg,0,0,0,8.945851
IMG/center_2017_04_04_22_58_52_124.jpg,IMG/left_2017_04_04_22_58_52_124.jpg,IMG/right_2017_04_04_22_58_52_124.jpg,0,0,0,8.875026
IMG/center_2017_04_04_22_58_52_219.jpg,IMG/left_2017_04_04_22_58_52_219.jpg,IMG/right_2017_04_04_22_58_52_219.jpg,0,0,0,8.787296
IMG/center_2017_04_04_22_59_05_063.jpg,IMG/left_2017_04_04_22_59_05_063.jpg,IMG/right_2017_04_04_22_59_05_063.jpg,0,0,0,10.31427
IMG/center_2017_04_04_22_59_05_171.jpg,IMG/left_2017_04_04_22_59_05_171.jpg,IMG/right_2017_04_04_22_59_05_171.jpg,0,0,0,10.18858
IMG/center_2017_04_04_22_59_05_281.jpg,IMG/left_2017_04_04_22_59_05_281.jpg,IMG/right_2017_04_04_22_59_05_281.jpg,0,0,0,10.08272
IMG/center_2017_04_04_22_59_05_393.jpg,IMG/left_2017_04_04_22_59_05_393.jpg,IMG/right_2017_04_04_22_59_05_393.jpg,0.02830189,0,0,9.9585
IMG/center_2017_04_04_22_59_05_506.jpg,IMG/left_2017_04_04_22_59_05_506.jpg,IMG/right_2017_04_04_22_59_05_506.jpg,0.1132075,0,0,9.857409
IMG/center_2017_04_04_22_59_05_621.jpg,IMG/left_2017_04_04_22_59_05_621.jpg,IMG/right_2017_04_04_22_59_05_621.jpg,0.1698113,0,0,9.736444
IMG/center_2017_04_04_22_59_05_739.jpg,IMG/left_2017_04_04_22_59_05_739.jpg,IMG/right_2017_04_04_22_59_05_739.jpg,0.2169811,0,0,9.61638
IMG/center_2017_04_04_22_59_05_858.jpg,IMG/left_2017_04_04_22_59_05_858.jpg,IMG/right_2017_04_04_22_59_05_858.jpg,0.2169811,0,0,9.50421
IMG/center_2017_04_04_22_59_05_980.jpg,IMG/left_2017_04_04_22_59_05_980.jpg,IMG/right_2017_04_04_22_59_05_980.jpg,0.2169811,0,0,9.394874
IMG/center_2017_04_04_22_59_06_102.jpg,IMG/left_2017_04_04_22_59_06_102.jpg,IMG/right_2017_04_04_22_59_06_102.jpg,0.2169811,0,0,9.288051
IMG/center_2017_04_04_22_59_06_226.jpg,IMG/left_2017_04_04_22_59_06_226.jpg,IMG/right_2017_04_04_22_59_06_226.jpg,0.2169811,0.3736891,0,9.561238
IMG/center_2017_04_04_22_59_06_353.jpg,IMG/left_2017_04_04_22_59_06_353.jpg,IMG/right_2017_04_04_22_59_06_353.jpg,0.2169811,0,0,9.600357
IMG/center_2017_04_04_22_59_06_480.jpg,IMG/left_2017_04_04_22_59_06_480.jpg,IMG/right_2017_04_04_22_59_06_480.jpg,0.2169811,0,0,9.494376
IMG/center_2017_04_04_22_59_06_606.jpg,IMG/left_2017_04_04_22_59_06_606.jpg,IMG/right_2017_04_04_22_59_06_606.jpg,0.2169811,0,0,9.390687
IMG/center_2017_04_04_22_59_06_733.jpg,IMG/left_2017_04_04_22_59_06_733.jpg,IMG/right_2017_04_04_22_59_06_733.jpg,0.2169811,0,0,9.272317
IMG/center_2017_04_04_22_59_06_858.jpg,IMG/left_2017_04_04_22_59_06_858.jpg,IMG/right_2017_04_04_22_59_06_858.jpg,0.2075472,0,0,9.172233
IMG/center_2017_04_04_22_59_06_981.jpg,IMG/left_2017_04_04_22_59_06_981.jpg,IMG/right_2017_04_04_22_59_06_981.jpg,0.1698113,0,0,9.074183
IMG/center_2017_04_04_22_59_07_106.jpg,IMG/left_2017_04_04_22_59_07_106.jpg,IMG/right_2017_04_04_22_59_07_106.jpg,0.1509434,0,0,8.974015
IMG/center_2017_04_04_22_59_07_229.jpg,IMG/left_2017_04_04_22_59_07_229.jpg,IMG/right_2017_04_04_22_59_07_229.jpg,0.1320755,0,0,8.874965
IMG/center_2017_04_04_22_59_07_351.jpg,IMG/left_2017_04_04_22_59_07_351.jpg,IMG/right_2017_04_04_22_59_07_351.jpg,0.1320755,0,0,8.776434
IMG/center_2017_04_04_22_59_07_473.jpg,IMG/left_2017_04_04_22_59_07_473.jpg,IMG/right_2017_04_04_22_59_07_473.jpg,0.1226415,0,0,8.662621
IMG/center_2017_04_04_22_59_07_597.jpg,IMG/left_2017_04_04_22_59_07_597.jpg,IMG/right_2017_04_04_22_59_07_597.jpg,0.1037736,0,0,8.56566
IMG/center_2017_04_04_22_59_07_719.jpg,IMG/left_2017_04_04_22_59_07_719.jpg,IMG/right_2017_04_04_22_59_07_719.jpg,0.08490566,0,0,8.467841
IMG/center_2017_04_04_22_59_07_842.jpg,IMG/left_2017_04_04_22_59_07_842.jpg,IMG/right_2017_04_04_22_59_07_842.jpg,0.08490566,0.1867698,0,8.493875
IMG/center_2017_04_04_22_59_07_964.jpg,IMG/left_2017_04_04_22_59_07_964.jpg,IMG/right_2017_04_04_22_59_07_964.jpg,0.08490566,0.18117,0,8.529437
IMG/center_2017_04_04_22_59_08_087.jpg,IMG/left_2017_04_04_22_59_08_087.jpg,IMG/right_2017_04_04_22_59_08_087.jpg,0.0754717,0,0,8.445073
IMG/center_2017_04_04_22_59_08_209.jpg,IMG/left_2017_04_04_22_59_08_209.jpg,IMG/right_2017_04_04_22_59_08_209.jpg,0.05660377,0,0,8.348796
IMG/center_2017_04_04_22_59_08_330.jpg,IMG/left_2017_04_04_22_59_08_330.jpg,IMG/right_2017_04_04_22_59_08_330.jpg,0.03773585,0,0,8.253498
IMG/center_2017_04_04_22_59_08_450.jpg,IMG/left_2017_04_04_22_59_08_450.jpg,IMG/right_2017_04_04_22_59_08_450.jpg,0.02830189,0,0,8.159286
IMG/center_2017_04_04_22_59_08_570.jpg,IMG/left_2017_04_04_22_59_08_570.jpg,IMG/right_2017_04_04_22_59_08_570.jpg,0,0,0,8.06596
IMG/center_2017_04_04_22_59_08_691.jpg,IMG/left_2017_04_04_22_59_08_691.jpg,IMG/right_2017_04_04_22_59_08_691.jpg,-0.03773585,0.1852415,0,8.095351
IMG/center_2017_04_04_22_59_08_815.jpg,IMG/left_2017_04_04_22_59_08_815.jpg,IMG/right_2017_04_04_22_59_08_815.jpg,-0.05660377,0,0,8.001895
IMG/center_2017_04_04_22_59_08_931.jpg,IMG/left_2017_04_04_22_59_08_931.jpg,IMG/right_2017_04_04_22_59_08_931.jpg,-0.0754717,0.1745172,0,7.996565
IMG/center_2017_04_04_22_59_09_044.jpg,IMG/left_2017_04_04_22_59_09_044.jpg,IMG/right_2017_04_04_22_59_09_044.jpg,-0.0754717,0,0,7.920186
IMG/center_2017_04_04_22_59_09_156.jpg,IMG/left_2017_04_04_22_59_09_156.jpg,IMG/right_2017_04_04_22_59_09_156.jpg,-0.08490566,0,0,7.82653
IMG/center_2017_04_04_22_59_09_264.jpg,IMG/left_2017_04_04_22_59_09_264.jpg,IMG/right_2017_04_04_22_59_09_264.jpg,-0.08490566,0,0,7.749568
IMG/center_2017_04_04_22_59_09_376.jpg,IMG/left_2017_04_04_22_59_09_376.jpg,IMG/right_2017_04_04_22_59_09_376.jpg,-0.08490566,0,0,7.658254
IMG/center_2017_04_04_22_59_09_486.jpg,IMG/left_2017_04_04_22_59_09_486.jpg,IMG/right_2017_04_04_22_59_09_486.jpg,-0.08490566,0,0,7.582986
IMG/center_2017_04_04_22_59_09_597.jpg,IMG/left_2017_04_04_22_59_09_597.jpg,IMG/right_2017_04_04_22_59_09_597.jpg,0,0,0,7.492556
IMG/center_2017_04_04_22_59_09_707.jpg,IMG/left_2017_04_04_22_59_09_707.jpg,IMG/right_2017_04_04_22_59_09_707.jpg,0,0,0,7.418489
IMG/center_2017_04_04_22_59_09_816.jpg,IMG/left_2017_04_04_22_59_09_816.jpg,IMG/right_2017_04_04_22_59_09_816.jpg,0,0,0,7.329944
IMG/center_2017_04_04_22_59_09_926.jpg,IMG/left_2017_04_04_22_59_09_926.jpg,IMG/right_2017_04_04_22_59_09_926.jpg,0,0,0,7.256611
IMG/center_2017_04_04_22_59_10_035.jpg,IMG/left_2017_04_04_22_59_10_035.jpg,IMG/right_2017_04_04_22_59_10_035.jpg,0,0,0,7.169303
IMG/center_2017_04_04_22_59_10_146.jpg,IMG/left_2017_04_04_22_59_10_146.jpg,IMG/right_2017_04_04_22_59_10_146.jpg,0,0,0,7.097349
IMG/center_2017_04_04_22_59_22_333.jpg,IMG/left_2017_04_04_22_59_22_333.jpg,IMG/right_2017_04_04_22_59_22_333.jpg,-0.0754717,0,0,7.953019
IMG/center_2017_04_04_22_59_22_444.jpg,IMG/left_2017_04_04_22_59_22_444.jpg,IMG/right_2017_04_04_22_59_22_444.jpg,-0.0754717,0,0,7.871003
IMG/center_2017_04_04_22_59_22_555.jpg,IMG/left_2017_04_04_22_59_22_555.jpg,IMG/right_2017_04_04_22_59_22_555.jpg,-0.1132075,0,0,7.773366
IMG/center_2017_04_04_22_59_22_666.jpg,IMG/left_2017_04_04_22_59_22_666.jpg,IMG/right_2017_04_04_22_59_22_666.jpg,-0.1226415,0,0,7.693588
IMG/center_2017_04_04_22_59_22_776.jpg,IMG/left_2017_04_04_22_59_22_776.jpg,IMG/right_2017_04_04_22_59_22_776.jpg,-0.1320755,0,0,7.600497
IMG/center_2017_04_04_22_59_22_886.jpg,IMG/left_2017_04_04_22_59_22_886.jpg,IMG/right_2017_04_04_22_59_22_886.jpg,-0.1415094,0,0,7.525082
IMG/center_2017_04_04_22_59_22_997.jpg,IMG/left_2017_04_04_22_59_22_997.jpg,IMG/right_2017_04_04_22_59_22_997.jpg,-0.1415094,0,0,7.436264
IMG/center_2017_04_04_22_59_23_106.jpg,IMG/left_2017_04_04_22_59_23_106.jpg,IMG/right_2017_04_04_22_59_23_106.jpg,-0.1415094,0.3307583,0,7.622882
IMG/center_2017_04_04_22_59_23_216.jpg,IMG/left_2017_04_04_22_59_23_216.jpg,IMG/right_2017_04_04_22_59_23_216.jpg,-0.1415094,0.0016676,0,7.676741
IMG/center_2017_04_04_22_59_23_326.jpg,IMG/left_2017_04_04_22_59_23_326.jpg,IMG/right_2017_04_04_22_59_23_326.jpg,-0.1415094,0.001694001,0,7.724498
IMG/center_2017_04_04_22_59_23_435.jpg,IMG/left_2017_04_04_22_59_23_435.jpg,IMG/right_2017_04_04_22_59_23_435.jpg,-0.1415094,0,0,7.636227
IMG/center_2017_04_04_22_59_23_545.jpg,IMG/left_2017_04_04_22_59_23_545.jpg,IMG/right_2017_04_04_22_59_23_545.jpg,-0.1415094,0.002026942,0,7.646472
IMG/center_2017_04_04_22_59_23_652.jpg,IMG/left_2017_04_04_22_59_23_652.jpg,IMG/right_2017_04_04_22_59_23_652.jpg,-0.1415094,0,0,7.561432
IMG/center_2017_04_04_22_59_23_760.jpg,IMG/left_2017_04_04_22_59_23_760.jpg,IMG/right_2017_04_04_22_59_23_760.jpg,-0.1415094,0.1600911,0,7.597319
IMG/center_2017_04_04_22_59_23_866.jpg,IMG/left_2017_04_04_22_59_23_866.jpg,IMG/right_2017_04_04_22_59_23_866.jpg,-0.1415094,0.4793932,0,7.971985
IMG/center_2017_04_04_22_59_23_973.jpg,IMG/left_2017_04_04_22_59_23_973.jpg,IMG/right_2017_04_04_22_59_23_973.jpg,-0.08490566,0.1598065,0,8.25246
IMG/center_2017_04_04_22_59_24_077.jpg,IMG/left_2017_04_04_22_59_24_077.jpg,IMG/right_2017_04_04_22_59_24_077.jpg,-0.06603774,0.1606587,0,8.292667
IMG/center_2017_04_04_22_59_24_180.jpg,IMG/left_2017_04_04_22_59_24_180.jpg,IMG/right_2017_04_04_22_59_24_180.jpg,-0.04716982,0.1606059,0,8.482929
IMG/center_2017_04_04_22_59_24_283.jpg,IMG/left_2017_04_04_22_59_24_283.jpg,IMG/right_2017_04_04_22_59_24_283.jpg,-0.03773585,0.1572912,0,8.481921
IMG/center_2017_04_04_22_59_24_383.jpg,IMG/left_2017_04_04_22_59_24_383.jpg,IMG/right_2017_04_04_22_59_24_383.jpg,0,0.1557366,0,8.699677
IMG/center_2017_04_04_22_59_24_484.jpg,IMG/left_2017_04_04_22_59_24_484.jpg,IMG/right_2017_04_04_22_59_24_484.jpg,0.01886792,0.1591187,0,8.69775
IMG/center_2017_04_04_22_59_24_583.jpg,IMG/left_2017_04_04_22_59_24_583.jpg,IMG/right_2017_04_04_22_59_24_583.jpg,0.01886792,0,0,8.63634
IMG/center_2017_04_04_22_59_24_681.jpg,IMG/left_2017_04_04_22_59_24_681.jpg,IMG/right_2017_04_04_22_59_24_681.jpg,0.03773585,0,0,8.553123
IMG/center_2017_04_04_22_59_24_779.jpg,IMG/left_2017_04_04_22_59_24_779.jpg,IMG/right_2017_04_04_22_59_24_779.jpg,0.04716982,0.1484927,0,8.567025
IMG/center_2017_04_04_22_59_24_878.jpg,IMG/left_2017_04_04_22_59_24_878.jpg,IMG/right_2017_04_04_22_59_24_878.jpg,0.04716982,0,0,8.494743
IMG/center_2017_04_04_22_59_24_977.jpg,IMG/left_2017_04_04_22_59_24_977.jpg,IMG/right_2017_04_04_22_59_24_977.jpg,0.04716982,0.1498171,0,8.511103
IMG/center_2017_04_04_22_59_25_075.jpg,IMG/left_2017_04_04_22_59_25_075.jpg,IMG/right_2017_04_04_22_59_25_075.jpg,0.04716982,0,0,8.439668
IMG/center_2017_04_04_22_59_25_170.jpg,IMG/left_2017_04_04_22_59_25_170.jpg,IMG/right_2017_04_04_22_59_25_170.jpg,0.04716982,0.1438096,0,8.433925
IMG/center_2017_04_04_22_59_25_267.jpg,IMG/left_2017_04_04_22_59_25_267.jpg,IMG/right_2017_04_04_22_59_25_267.jpg,0.05660377,0.1421244,0,8.630961
IMG/center_2017_04_04_22_59_25_362.jpg,IMG/left_2017_04_04_22_59_25_362.jpg,IMG/right_2017_04_04_22_59_25_362.jpg,0.08490566,0.1417123,0,8.614881
IMG/center_2017_04_04_22_59_25_458.jpg,IMG/left_2017_04_04_22_59_25_458.jpg,IMG/right_2017_04_04_22_59_25_458.jpg,0.08490566,0.1425483,0,8.773323
IMG/center_2017_04_04_22_59_25_554.jpg,IMG/left_2017_04_04_22_59_25_554.jpg,IMG/right_2017_04_04_22_59_25_554.jpg,0.08490566,0.1411711,0,8.791203
IMG/center_2017_04_04_22_59_25_649.jpg,IMG/left_2017_04_04_22_59_25_649.jpg,IMG/right_2017_04_04_22_59_25_649.jpg,0.1132075,0.1392703,0,8.927968
IMG/center_2017_04_04_22_59_25_745.jpg,IMG/left_2017_04_04_22_59_25_745.jpg,IMG/right_2017_04_04_22_59_25_745.jpg,0.1415094,0.1442262,0,8.909139
IMG/center_2017_04_04_22_59_25_840.jpg,IMG/left_2017_04_04_22_59_25_840.jpg,IMG/right_2017_04_04_22_59_25_840.jpg,0.1698113,0.142758,0,9.097288
IMG/center_2017_04_04_22_59_25_937.jpg,IMG/left_2017_04_04_22_59_25_937.jpg,IMG/right_2017_04_04_22_59_25_937.jpg,0.1792453,0.1465508,0,9.113306
IMG/center_2017_04_04_22_59_26_033.jpg,IMG/left_2017_04_04_22_59_26_033.jpg,IMG/right_2017_04_04_22_59_26_033.jpg,0.1886793,0.1415495,0,9.266777
IMG/center_2017_04_04_22_59_26_129.jpg,IMG/left_2017_04_04_22_59_26_129.jpg,IMG/right_2017_04_04_22_59_26_129.jpg,0.2264151,0,0,9.202601
IMG/center_2017_04_04_22_59_26_226.jpg,IMG/left_2017_04_04_22_59_26_226.jpg,IMG/right_2017_04_04_22_59_26_226.jpg,0.2358491,0,0,9.214637
IMG/center_2017_04_04_22_59_26_322.jpg,IMG/left_2017_04_04_22_59_26_322.jpg,IMG/right_2017_04_04_22_59_26_322.jpg,0.2735849,0,0,9.120185
IMG/center_2017_04_04_22_59_26_420.jpg,IMG/left_2017_04_04_22_59_26_420.jpg,IMG/right_2017_04_04_22_59_26_420.jpg,0.2735849,0,0,9.133434
IMG/center_2017_04_04_22_59_26_518.jpg,IMG/left_2017_04_04_22_59_26_518.jpg,IMG/right_2017_04_04_22_59_26_518.jpg,0.2735849,0,0,9.042682
IMG/center_2017_04_04_22_59_26_615.jpg,IMG/left_2017_04_04_22_59_26_615.jpg,IMG/right_2017_04_04_22_59_26_615.jpg,0.2924528,0,0,9.021505
IMG/center_2017_04_04_22_59_26_712.jpg,IMG/left_2017_04_04_22_59_26_712.jpg,IMG/right_2017_04_04_22_59_26_712.jpg,0.3301887,0,0,8.925784
IMG/center_2017_04_04_22_59_26_810.jpg,IMG/left_2017_04_04_22_59_26_810.jpg,IMG/right_2017_04_04_22_59_26_810.jpg,0.3301887,8.067116E-05,0,8.924744
IMG/center_2017_04_04_22_59_26_908.jpg,IMG/left_2017_04_04_22_59_26_908.jpg,IMG/right_2017_04_04_22_59_26_908.jpg,0.3301887,0,0,8.835324
IMG/center_2017_04_04_22_59_27_006.jpg,IMG/left_2017_04_04_22_59_27_006.jpg,IMG/right_2017_04_04_22_59_27_006.jpg,0.3301887,0,0,8.74678
IMG/center_2017_04_04_22_59_27_104.jpg,IMG/left_2017_04_04_22_59_27_104.jpg,IMG/right_2017_04_04_22_59_27_104.jpg,0.3301887,0,0,8.658871
IMG/center_2017_04_04_22_59_27_202.jpg,IMG/left_2017_04_04_22_59_27_202.jpg,IMG/right_2017_04_04_22_59_27_202.jpg,0.3301887,0.1473898,0,8.633274
IMG/center_2017_04_04_22_59_27_300.jpg,IMG/left_2017_04_04_22_59_27_300.jpg,IMG/right_2017_04_04_22_59_27_300.jpg,0.3301887,0.1460756,0,8.830999
IMG/center_2017_04_04_22_59_27_399.jpg,IMG/left_2017_04_04_22_59_27_399.jpg,IMG/right_2017_04_04_22_59_27_399.jpg,0.3301887,0,0,8.753353
IMG/center_2017_04_04_22_59_27_497.jpg,IMG/left_2017_04_04_22_59_27_497.jpg,IMG/right_2017_04_04_22_59_27_497.jpg,0.3301887,0,0,8.736568
IMG/center_2017_04_04_22_59_27_595.jpg,IMG/left_2017_04_04_22_59_27_595.jpg,IMG/right_2017_04_04_22_59_27_595.jpg,0.3113208,0,0,8.650085
IMG/center_2017_04_04_22_59_27_694.jpg,IMG/left_2017_04_04_22_59_27_694.jpg,IMG/right_2017_04_04_22_59_27_694.jpg,0.3018868,0.004068535,0,8.639585
IMG/center_2017_04_04_22_59_27_793.jpg,IMG/left_2017_04_04_22_59_27_793.jpg,IMG/right_2017_04_04_22_59_27_793.jpg,0.3018868,0,0,8.552545
IMG/center_2017_04_04_22_59_27_892.jpg,IMG/left_2017_04_04_22_59_27_892.jpg,IMG/right_2017_04_04_22_59_27_892.jpg,0.3018868,0,0,8.537771
IMG/center_2017_04_04_22_59_27_992.jpg,IMG/left_2017_04_04_22_59_27_992.jpg,IMG/right_2017_04_04_22_59_27_992.jpg,0.2924528,0.1476992,0,8.54906
IMG/center_2017_04_04_22_59_28_091.jpg,IMG/left_2017_04_04_22_59_28_091.jpg,IMG/right_2017_04_04_22_59_28_091.jpg,0.2830189,0.1483049,0,8.714853
IMG/center_2017_04_04_22_59_28_190.jpg,IMG/left_2017_04_04_22_59_28_190.jpg,IMG/right_2017_04_04_22_59_28_190.jpg,0.2735849,0.1482712,0,8.716931
IMG/center_2017_04_04_22_59_28_290.jpg,IMG/left_2017_04_04_22_59_28_290.jpg,IMG/right_2017_04_04_22_59_28_290.jpg,0.2735849,0,0,8.640447
IMG/center_2017_04_04_22_59_28_389.jpg,IMG/left_2017_04_04_22_59_28_389.jpg,IMG/right_2017_04_04_22_59_28_389.jpg,0.2641509,0.1492333,0,8.616234
IMG/center_2017_04_04_22_59_28_490.jpg,IMG/left_2017_04_04_22_59_28_490.jpg,IMG/right_2017_04_04_22_59_28_490.jpg,0.2641509,0,0,8.540524
IMG/center_2017_04_04_22_59_28_591.jpg,IMG/left_2017_04_04_22_59_28_591.jpg,IMG/right_2017_04_04_22_59_28_591.jpg,0.2641509,0,0,8.545788
IMG/center_2017_04_04_22_59_28_692.jpg,IMG/left_2017_04_04_22_59_28_692.jpg,IMG/right_2017_04_04_22_59_28_692.jpg,0.2641509,0,0,8.459076
IMG/center_2017_04_04_22_59_28_792.jpg,IMG/left_2017_04_04_22_59_28_792.jpg,IMG/right_2017_04_04_22_59_28_792.jpg,0.2641509,0.0006453469,0,8.446115
IMG/center_2017_04_04_22_59_28_894.jpg,IMG/left_2017_04_04_22_59_28_894.jpg,IMG/right_2017_04_04_22_59_28_894.jpg,0.2641509,0.1525935,0,8.460136
IMG/center_2017_04_04_22_59_28_994.jpg,IMG/left_2017_04_04_22_59_28_994.jpg,IMG/right_2017_04_04_22_59_28_994.jpg,0.245283,0,0,8.386014
IMG/center_2017_04_04_22_59_29_096.jpg,IMG/left_2017_04_04_22_59_29_096.jpg,IMG/right_2017_04_04_22_59_29_096.jpg,0.2358491,0.1517751,0,8.401763
IMG/center_2017_04_04_22_59_29_197.jpg,IMG/left_2017_04_04_22_59_29_197.jpg,IMG/right_2017_04_04_22_59_29_197.jpg,0.2358491,0,0,8.32767
IMG/center_2017_04_04_22_59_29_297.jpg,IMG/left_2017_04_04_22_59_29_297.jpg,IMG/right_2017_04_04_22_59_29_297.jpg,0.2358491,0.3002883,0,8.512873
IMG/center_2017_04_04_22_59_29_397.jpg,IMG/left_2017_04_04_22_59_29_397.jpg,IMG/right_2017_04_04_22_59_29_397.jpg,0.2358491,0.0008477122,0,8.52242
IMG/center_2017_04_04_22_59_29_497.jpg,IMG/left_2017_04_04_22_59_29_497.jpg,IMG/right_2017_04_04_22_59_29_497.jpg,0.2358491,0.2989844,0,8.705794
IMG/center_2017_04_04_22_59_29_596.jpg,IMG/left_2017_04_04_22_59_29_596.jpg,IMG/right_2017_04_04_22_59_29_596.jpg,0.2358491,0.2996385,0,8.908301
IMG/center_2017_04_04_22_59_29_696.jpg,IMG/left_2017_04_04_22_59_29_696.jpg,IMG/right_2017_04_04_22_59_29_696.jpg,0.2358491,0.2986529,0,9.252795
IMG/center_2017_04_04_22_59_29_797.jpg,IMG/left_2017_04_04_22_59_29_797.jpg,IMG/right_2017_04_04_22_59_29_797.jpg,0.2358491,0,0,9.253488
IMG/center_2017_04_04_22_59_29_898.jpg,IMG/left_2017_04_04_22_59_29_898.jpg,IMG/right_2017_04_04_22_59_29_898.jpg,0,0,0,9.15008
IMG/center_2017_04_04_22_59_29_999.jpg,IMG/left_2017_04_04_22_59_29_999.jpg,IMG/right_2017_04_04_22_59_29_999.jpg,0,0,0,9.056324
IMG/center_2017_04_04_22_59_30_100.jpg,IMG/left_2017_04_04_22_59_30_100.jpg,IMG/right_2017_04_04_22_59_30_100.jpg,0,0,0,8.965972
IMG/center_2017_04_04_22_59_30_199.jpg,IMG/left_2017_04_04_22_59_30_199.jpg,IMG/right_2017_04_04_22_59_30_199.jpg,0,0,0,8.877028
IMG/center_2017_04_04_22_59_30_299.jpg,IMG/left_2017_04_04_22_59_30_299.jpg,IMG/right_2017_04_04_22_59_30_299.jpg,0,0,0,8.789251
IMG/center_2017_04_04_22_59_30_403.jpg,IMG/left_2017_04_04_22_59_30_403.jpg,IMG/right_2017_04_04_22_59_30_403.jpg,0,0,0,8.703703
IMG/center_2017_04_04_23_00_01_886.jpg,IMG/left_2017_04_04_23_00_01_886.jpg,IMG/right_2017_04_04_23_00_01_886.jpg,0,0,0,20.42206
IMG/center_2017_04_04_23_00_01_976.jpg,IMG/left_2017_04_04_23_00_01_976.jpg,IMG/right_2017_04_04_23_00_01_976.jpg,0.2358491,0,0,19.85403
IMG/center_2017_04_04_23_00_02_064.jpg,IMG/left_2017_04_04_23_00_02_064.jpg,IMG/right_2017_04_04_23_00_02_064.jpg,0.4339623,0,0,19.59934
IMG/center_2017_04_04_23_00_02_152.jpg,IMG/left_2017_04_04_23_00_02_152.jpg,IMG/right_2017_04_04_23_00_02_152.jpg,0.4528302,0,0,19.65684
IMG/center_2017_04_04_23_00_02_239.jpg,IMG/left_2017_04_04_23_00_02_239.jpg,IMG/right_2017_04_04_23_00_02_239.jpg,0.4528302,0,0,19.49083
IMG/center_2017_04_04_23_00_02_330.jpg,IMG/left_2017_04_04_23_00_02_330.jpg,IMG/right_2017_04_04_23_00_02_330.jpg,0.4528302,0,0,19.33648
IMG/center_2017_04_04_23_00_02_421.jpg,IMG/left_2017_04_04_23_00_02_421.jpg,IMG/right_2017_04_04_23_00_02_421.jpg,0.4716981,0,0,18.71969
IMG/center_2017_04_04_23_00_02_514.jpg,IMG/left_2017_04_04_23_00_02_514.jpg,IMG/right_2017_04_04_23_00_02_514.jpg,0.4245283,0,0,18.96743
IMG/center_2017_04_04_23_00_02_610.jpg,IMG/left_2017_04_04_23_00_02_610.jpg,IMG/right_2017_04_04_23_00_02_610.jpg,0.1603774,0,0,18.85831
IMG/center_2017_04_04_23_00_02_712.jpg,IMG/left_2017_04_04_23_00_02_712.jpg,IMG/right_2017_04_04_23_00_02_712.jpg,0.04716982,0,0,18.18188
IMG/center_2017_04_04_23_00_02_807.jpg,IMG/left_2017_04_04_23_00_02_807.jpg,IMG/right_2017_04_04_23_00_02_807.jpg,0.04716982,0,0,18.48132
IMG/center_2017_04_04_23_00_02_905.jpg,IMG/left_2017_04_04_23_00_02_905.jpg,IMG/right_2017_04_04_23_00_02_905.jpg,0.04716982,0,0,17.79218
IMG/center_2017_04_04_23_00_03_006.jpg,IMG/left_2017_04_04_23_00_03_006.jpg,IMG/right_2017_04_04_23_00_03_006.jpg,0.03773585,0,0,18.12898
IMG/center_2017_04_04_23_00_03_106.jpg,IMG/left_2017_04_04_23_00_03_106.jpg,IMG/right_2017_04_04_23_00_03_106.jpg,0.02830189,0,0,17.43542
IMG/center_2017_04_04_23_00_03_206.jpg,IMG/left_2017_04_04_23_00_03_206.jpg,IMG/right_2017_04_04_23_00_03_206.jpg,0.02830189,0,0,17.78304
IMG/center_2017_04_04_23_00_03_307.jpg,IMG/left_2017_04_04_23_00_03_307.jpg,IMG/right_2017_04_04_23_00_03_307.jpg,0.02830189,0,0,17.08199
IMG/center_2017_04_04_23_00_03_407.jpg,IMG/left_2017_04_04_23_00_03_407.jpg,IMG/right_2017_04_04_23_00_03_407.jpg,0.02830189,0,0,17.4417
IMG/center_2017_04_04_23_00_03_515.jpg,IMG/left_2017_04_04_23_00_03_515.jpg,IMG/right_2017_04_04_23_00_03_515.jpg,-0.04716982,0,0,16.73207
IMG/center_2017_04_04_23_00_03_615.jpg,IMG/left_2017_04_04_23_00_03_615.jpg,IMG/right_2017_04_04_23_00_03_615.jpg,-0.09433963,0,0,17.09805
IMG/center_2017_04_04_23_00_03_717.jpg,IMG/left_2017_04_04_23_00_03_717.jpg,IMG/right_2017_04_04_23_00_03_717.jpg,-0.1037736,0,0,16.89513
IMG/center_2017_04_04_23_00_03_823.jpg,IMG/left_2017_04_04_23_00_03_823.jpg,IMG/right_2017_04_04_23_00_03_823.jpg,-0.1226415,0,0,16.17774
IMG/center_2017_04_04_23_00_03_923.jpg,IMG/left_2017_04_04_23_00_03_923.jpg,IMG/right_2017_04_04_23_00_03_923.jpg,-0.1415094,0,0,16.55675
IMG/center_2017_04_04_23_00_04_028.jpg,IMG/left_2017_04_04_23_00_04_028.jpg,IMG/right_2017_04_04_23_00_04_028.jpg,-0.1415094,0,0,15.84781
IMG/center_2017_04_04_23_00_04_129.jpg,IMG/left_2017_04_04_23_00_04_129.jpg,IMG/right_2017_04_04_23_00_04_129.jpg,-0.1415094,0,0,16.2389
IMG/center_2017_04_04_23_00_04_233.jpg,IMG/left_2017_04_04_23_00_04_233.jpg,IMG/right_2017_04_04_23_00_04_233.jpg,-0.1415094,0,0,15.54607
IMG/center_2017_04_04_23_00_04_334.jpg,IMG/left_2017_04_04_23_00_04_334.jpg,IMG/right_2017_04_04_23_00_04_334.jpg,-0.1415094,0,0,15.92695
IMG/center_2017_04_04_23_00_04_438.jpg,IMG/left_2017_04_04_23_00_04_438.jpg,IMG/right_2017_04_04_23_00_04_438.jpg,0,0,0,15.73774
IMG/center_2017_04_04_23_00_04_542.jpg,IMG/left_2017_04_04_23_00_04_542.jpg,IMG/right_2017_04_04_23_00_04_542.jpg,0,0,0,15.06176
IMG/center_2017_04_04_23_00_04_646.jpg,IMG/left_2017_04_04_23_00_04_646.jpg,IMG/right_2017_04_04_23_00_04_646.jpg,0,0,0,15.43013
IMG/center_2017_04_04_23_00_14_490.jpg,IMG/left_2017_04_04_23_00_14_490.jpg,IMG/right_2017_04_04_23_00_14_490.jpg,-0.06603774,0,0,15.63544
IMG/center_2017_04_04_23_00_14_595.jpg,IMG/left_2017_04_04_23_00_14_595.jpg,IMG/right_2017_04_04_23_00_14_595.jpg,-0.1509434,0,0,15.43582
IMG/center_2017_04_04_23_00_14_704.jpg,IMG/left_2017_04_04_23_00_14_704.jpg,IMG/right_2017_04_04_23_00_14_704.jpg,-0.1886793,0,0,15.2767
IMG/center_2017_04_04_23_00_14_808.jpg,IMG/left_2017_04_04_23_00_14_808.jpg,IMG/right_2017_04_04_23_00_14_808.jpg,-0.2075472,0,0,15.13101
IMG/center_2017_04_04_23_00_14_911.jpg,IMG/left_2017_04_04_23_00_14_911.jpg,IMG/right_2017_04_04_23_00_14_911.jpg,-0.2169811,0,0,14.99361
IMG/center_2017_04_04_23_00_15_014.jpg,IMG/left_2017_04_04_23_00_15_014.jpg,IMG/right_2017_04_04_23_00_15_014.jpg,-0.2169811,0,0,14.82631
IMG/center_2017_04_04_23_00_15_115.jpg,IMG/left_2017_04_04_23_00_15_115.jpg,IMG/right_2017_04_04_23_00_15_115.jpg,-0.2169811,0,0,14.70385
IMG/center_2017_04_04_23_00_15_218.jpg,IMG/left_2017_04_04_23_00_15_218.jpg,IMG/right_2017_04_04_23_00_15_218.jpg,-0.08490566,0,0,14.51923
IMG/center_2017_04_04_23_00_15_319.jpg,IMG/left_2017_04_04_23_00_15_319.jpg,IMG/right_2017_04_04_23_00_15_319.jpg,-0.01886792,0,0,14.36537
IMG/center_2017_04_04_23_00_15_422.jpg,IMG/left_2017_04_04_23_00_15_422.jpg,IMG/right_2017_04_04_23_00_15_422.jpg,0.01886792,0,0,14.24527
IMG/center_2017_04_04_23_00_15_524.jpg,IMG/left_2017_04_04_23_00_15_524.jpg,IMG/right_2017_04_04_23_00_15_524.jpg,0.01886792,0,0,14.10119
IMG/center_2017_04_04_23_00_15_626.jpg,IMG/left_2017_04_04_23_00_15_626.jpg,IMG/right_2017_04_04_23_00_15_626.jpg,0.01886792,0,0,13.98382
IMG/center_2017_04_04_23_00_15_729.jpg,IMG/left_2017_04_04_23_00_15_729.jpg,IMG/right_2017_04_04_23_00_15_729.jpg,0.01886792,0,0,13.85027
IMG/center_2017_04_04_23_00_15_833.jpg,IMG/left_2017_04_04_23_00_15_833.jpg,IMG/right_2017_04_04_23_00_15_833.jpg,0.01886792,0,0,13.70898
IMG/center_2017_04_04_23_00_15_935.jpg,IMG/left_2017_04_04_23_00_15_935.jpg,IMG/right_2017_04_04_23_00_15_935.jpg,0.01886792,0,0,13.58993
IMG/center_2017_04_04_23_00_16_039.jpg,IMG/left_2017_04_04_23_00_16_039.jpg,IMG/right_2017_04_04_23_00_16_039.jpg,0.01886792,0,0,13.39816
IMG/center_2017_04_04_23_00_16_144.jpg,IMG/left_2017_04_04_23_00_16_144.jpg,IMG/right_2017_04_04_23_00_16_144.jpg,0.06603774,0,0,13.197
IMG/center_2017_04_04_23_00_16_247.jpg,IMG/left_2017_04_04_23_00_16_247.jpg,IMG/right_2017_04_04_23_00_16_247.jpg,0.1132075,0,0,13.08083
IMG/center_2017_04_04_23_00_16_350.jpg,IMG/left_2017_04_04_23_00_16_350.jpg,IMG/right_2017_04_04_23_00_16_350.jpg,0.1226415,0,0,12.91673
IMG/center_2017_04_04_23_00_16_456.jpg,IMG/left_2017_04_04_23_00_16_456.jpg,IMG/right_2017_04_04_23_00_16_456.jpg,0.1603774,0,0,12.77805
IMG/center_2017_04_04_23_00_16_561.jpg,IMG/left_2017_04_04_23_00_16_561.jpg,IMG/right_2017_04_04_23_00_16_561.jpg,0.1981132,0,0,12.61447
IMG/center_2017_04_04_23_00_16_665.jpg,IMG/left_2017_04_04_23_00_16_665.jpg,IMG/right_2017_04_04_23_00_16_665.jpg,0.1981132,0,0,12.48175
IMG/center_2017_04_04_23_00_16_770.jpg,IMG/left_2017_04_04_23_00_16_770.jpg,IMG/right_2017_04_04_23_00_16_770.jpg,0.1981132,0,0,12.35468
IMG/center_2017_04_04_23_00_16_876.jpg,IMG/left_2017_04_04_23_00_16_876.jpg,IMG/right_2017_04_04_23_00_16_876.jpg,0.1981132,0,0,12.22681
IMG/center_2017_04_04_23_00_16_983.jpg,IMG/left_2017_04_04_23_00_16_983.jpg,IMG/right_2017_04_04_23_00_16_983.jpg,0.1981132,0,0,12.07169
IMG/center_2017_04_04_23_00_17_090.jpg,IMG/left_2017_04_04_23_00_17_090.jpg,IMG/right_2017_04_04_23_00_17_090.jpg,0.1792453,0,0,11.96112
IMG/center_2017_04_04_23_00_17_198.jpg,IMG/left_2017_04_04_23_00_17_198.jpg,IMG/right_2017_04_04_23_00_17_198.jpg,0.1603774,0,0,11.82629
IMG/center_2017_04_04_23_00_30_556.jpg,IMG/left_2017_04_04_23_00_30_556.jpg,IMG/right_2017_04_04_23_00_30_556.jpg,0.1132075,0,0,18.58571
IMG/center_2017_04_04_23_00_30_683.jpg,IMG/left_2017_04_04_23_00_30_683.jpg,IMG/right_2017_04_04_23_00_30_683.jpg,0.1132075,0,0,18.36833
IMG/center_2017_04_04_23_00_30_810.jpg,IMG/left_2017_04_04_23_00_30_810.jpg,IMG/right_2017_04_04_23_00_30_810.jpg,0.1509434,0,0,18.15291
IMG/center_2017_04_04_23_00_30_937.jpg,IMG/left_2017_04_04_23_00_30_937.jpg,IMG/right_2017_04_04_23_00_30_937.jpg,0.254717,0,0,17.36791
IMG/center_2017_04_04_23_00_31_064.jpg,IMG/left_2017_04_04_23_00_31_064.jpg,IMG/right_2017_04_04_23_00_31_064.jpg,0.3301887,0,0,17.12285
IMG/center_2017_04_04_23_00_31_198.jpg,IMG/left_2017_04_04_23_00_31_198.jpg,IMG/right_2017_04_04_23_00_31_198.jpg,0.3301887,0,0,16.90392
IMG/center_2017_04_04_23_00_31_319.jpg,IMG/left_2017_04_04_23_00_31_319.jpg,IMG/right_2017_04_04_23_00_31_319.jpg,0.3301887,0,0,17.19624
IMG/center_2017_04_04_23_00_31_439.jpg,IMG/left_2017_04_04_23_00_31_439.jpg,IMG/right_2017_04_04_23_00_31_439.jpg,0.3301887,0,0,16.99894
IMG/center_2017_04_04_23_00_31_557.jpg,IMG/left_2017_04_04_23_00_31_557.jpg,IMG/right_2017_04_04_23_00_31_557.jpg,0.3018868,0,0,16.31245
IMG/center_2017_04_04_23_00_31_671.jpg,IMG/left_2017_04_04_23_00_31_671.jpg,IMG/right_2017_04_04_23_00_31_671.jpg,0.2735849,0,0,16.12184
IMG/center_2017_04_04_23_00_31_784.jpg,IMG/left_2017_04_04_23_00_31_784.jpg,IMG/right_2017_04_04_23_00_31_784.jpg,0.09433963,0,0,15.93669
IMG/center_2017_04_04_23_00_31_893.jpg,IMG/left_2017_04_04_23_00_31_893.jpg,IMG/right_2017_04_04_23_00_31_893.jpg,-0.02830189,0,0,16.29051
IMG/center_2017_04_04_23_00_32_002.jpg,IMG/left_2017_04_04_23_00_32_002.jpg,IMG/right_2017_04_04_23_00_32_002.jpg,-0.08490566,0,0,16.09496
IMG/center_2017_04_04_23_00_32_110.jpg,IMG/left_2017_04_04_23_00_32_110.jpg,IMG/right_2017_04_04_23_00_32_110.jpg,-0.09433963,0,0,15.39444
IMG/center_2017_04_04_23_00_32_220.jpg,IMG/left_2017_04_04_23_00_32_220.jpg,IMG/right_2017_04_04_23_00_32_220.jpg,-0.1037736,0,0,15.78386
IMG/center_2017_04_04_23_00_32_328.jpg,IMG/left_2017_04_04_23_00_32_328.jpg,IMG/right_2017_04_04_23_00_32_328.jpg,-0.1037736,0,0,15.59976
IMG/center_2017_04_04_23_00_32_435.jpg,IMG/left_2017_04_04_23_00_32_435.jpg,IMG/right_2017_04_04_23_00_32_435.jpg,-0.1037736,0,0,14.92739
IMG/center_2017_04_04_23_00_32_543.jpg,IMG/left_2017_04_04_23_00_32_543.jpg,IMG/right_2017_04_04_23_00_32_543.jpg,-0.1037736,0,0,14.74788
IMG/center_2017_04_04_23_00_32_652.jpg,IMG/left_2017_04_04_23_00_32_652.jpg,IMG/right_2017_04_04_23_00_32_652.jpg,0,0,0,15.11219
IMG/center_2017_04_04_23_00_32_763.jpg,IMG/left_2017_04_04_23_00_32_763.jpg,IMG/right_2017_04_04_23_00_32_763.jpg,0.01886792,0,0,14.93323
IMG/center_2017_04_04_23_00_32_873.jpg,IMG/left_2017_04_04_23_00_32_873.jpg,IMG/right_2017_04_04_23_00_32_873.jpg,0.01886792,0,0,14.27862
IMG/center_2017_04_04_23_00_32_981.jpg,IMG/left_2017_04_04_23_00_32_981.jpg,IMG/right_2017_04_04_23_00_32_981.jpg,0.01886792,0,0,14.09211
IMG/center_2017_04_04_23_00_33_090.jpg,IMG/left_2017_04_04_23_00_33_090.jpg,IMG/right_2017_04_04_23_00_33_090.jpg,0.01886792,0,0,14.4706
IMG/center_2017_04_04_23_00_33_199.jpg,IMG/left_2017_04_04_23_00_33_199.jpg,IMG/right_2017_04_04_23_00_33_199.jpg,0.01886792,0,0,14.26188
IMG/center_2017_04_04_23_00_33_309.jpg,IMG/left_2017_04_04_23_00_33_309.jpg,IMG/right_2017_04_04_23_00_33_309.jpg,0.01886792,0,0,13.66919
IMG/center_2017_04_04_23_00_33_418.jpg,IMG/left_2017_04_04_23_00_33_418.jpg,IMG/right_2017_04_04_23_00_33_418.jpg,0.01886792,0,0,13.47437
IMG/center_2017_04_04_23_00_33_529.jpg,IMG/left_2017_04_04_23_00_33_529.jpg,IMG/right_2017_04_04_23_00_33_529.jpg,0.01886792,0,0,13.85449
IMG/center_2017_04_04_23_00_33_641.jpg,IMG/left_2017_04_04_23_00_33_641.jpg,IMG/right_2017_04_04_23_00_33_641.jpg,0.01886792,0,0,13.63183
IMG/center_2017_04_04_23_00_33_752.jpg,IMG/left_2017_04_04_23_00_33_752.jpg,IMG/right_2017_04_04_23_00_33_752.jpg,0.01886792,0,0,12.98988
IMG/center_2017_04_04_23_00_33_861.jpg,IMG/left_2017_04_04_23_00_33_861.jpg,IMG/right_2017_04_04_23_00_33_861.jpg,0.01886792,0.3331607,0,13.30674
IMG/center_2017_04_04_23_00_33_972.jpg,IMG/left_2017_04_04_23_00_33_972.jpg,IMG/right_2017_04_04_23_00_33_972.jpg,0.01886792,0.002648789,0,13.67965
IMG/center_2017_04_04_23_00_34_081.jpg,IMG/left_2017_04_04_23_00_34_081.jpg,IMG/right_2017_04_04_23_00_34_081.jpg,0.01886792,0.3333484,0,13.73216
IMG/center_2017_04_04_23_00_34_190.jpg,IMG/left_2017_04_04_23_00_34_190.jpg,IMG/right_2017_04_04_23_00_34_190.jpg,0.01886792,0.006184917,0,13.34853
IMG/center_2017_04_04_23_00_34_300.jpg,IMG/left_2017_04_04_23_00_34_300.jpg,IMG/right_2017_04_04_23_00_34_300.jpg,0,0.005589452,0,13.28532
IMG/center_2017_04_04_23_00_34_409.jpg,IMG/left_2017_04_04_23_00_34_409.jpg,IMG/right_2017_04_04_23_00_34_409.jpg,0,0.162646,0,13.68069
IMG/center_2017_04_04_23_00_34_518.jpg,IMG/left_2017_04_04_23_00_34_518.jpg,IMG/right_2017_04_04_23_00_34_518.jpg,0,0,0,13.06305
IMG/center_2017_04_04_23_00_34_628.jpg,IMG/left_2017_04_04_23_00_34_628.jpg,IMG/right_2017_04_04_23_00_34_628.jpg,0,0.3269508,0,13.28553
IMG/center_2017_04_04_23_00_34_736.jpg,IMG/left_2017_04_04_23_00_34_736.jpg,IMG/right_2017_04_04_23_00_34_736.jpg,-0.009433962,0.3249796,0,13.83377
IMG/center_2017_04_04_23_00_34_845.jpg,IMG/left_2017_04_04_23_00_34_845.jpg,IMG/right_2017_04_04_23_00_34_845.jpg,-0.01886792,0.3253316,0,14.21244
IMG/center_2017_04_04_23_00_34_954.jpg,IMG/left_2017_04_04_23_00_34_954.jpg,IMG/right_2017_04_04_23_00_34_954.jpg,-0.01886792,0.3260591,0,13.90376
IMG/center_2017_04_04_23_00_35_062.jpg,IMG/left_2017_04_04_23_00_35_062.jpg,IMG/right_2017_04_04_23_00_35_062.jpg,-0.01886792,0.0004312024,0,13.9875
IMG/center_2017_04_04_23_00_35_172.jpg,IMG/left_2017_04_04_23_00_35_172.jpg,IMG/right_2017_04_04_23_00_35_172.jpg,-0.01886792,0.1635554,0,14.39834
IMG/center_2017_04_04_23_00_35_281.jpg,IMG/left_2017_04_04_23_00_35_281.jpg,IMG/right_2017_04_04_23_00_35_281.jpg,-0.01886792,0,0,14.28202
IMG/center_2017_04_04_23_00_35_391.jpg,IMG/left_2017_04_04_23_00_35_391.jpg,IMG/right_2017_04_04_23_00_35_391.jpg,-0.01886792,0.1640159,0,13.71795
IMG/center_2017_04_04_23_00_35_499.jpg,IMG/left_2017_04_04_23_00_35_499.jpg,IMG/right_2017_04_04_23_00_35_499.jpg,-0.01886792,0,0,13.59773
IMG/center_2017_04_04_23_00_35_609.jpg,IMG/left_2017_04_04_23_00_35_609.jpg,IMG/right_2017_04_04_23_00_35_609.jpg,-0.01886792,0.1647785,0,13.96821
IMG/center_2017_04_04_23_00_35_719.jpg,IMG/left_2017_04_04_23_00_35_719.jpg,IMG/right_2017_04_04_23_00_35_719.jpg,-0.01886792,0,0,13.92551
IMG/center_2017_04_04_23_00_35_829.jpg,IMG/left_2017_04_04_23_00_35_829.jpg,IMG/right_2017_04_04_23_00_35_829.jpg,-0.01886792,0.3316794,0,13.51645
IMG/center_2017_04_04_23_00_35_940.jpg,IMG/left_2017_04_04_23_00_35_940.jpg,IMG/right_2017_04_04_23_00_35_940.jpg,-0.01886792,0,0,13.57918
IMG/center_2017_04_04_23_00_36_050.jpg,IMG/left_2017_04_04_23_00_36_050.jpg,IMG/right_2017_04_04_23_00_36_050.jpg,-0.01886792,0,0,13.97275
IMG/center_2017_04_04_23_00_36_161.jpg,IMG/left_2017_04_04_23_00_36_161.jpg,IMG/right_2017_04_04_23_00_36_161.jpg,-0.01886792,0.1651217,0,13.84713
IMG/center_2017_04_04_23_00_36_273.jpg,IMG/left_2017_04_04_23_00_36_273.jpg,IMG/right_2017_04_04_23_00_36_273.jpg,-0.009433962,0,0,13.31055
IMG/center_2017_04_04_23_00_36_383.jpg,IMG/left_2017_04_04_23_00_36_383.jpg,IMG/right_2017_04_04_23_00_36_383.jpg,0,0,0,13.28363
IMG/center_2017_04_04_23_00_36_495.jpg,IMG/left_2017_04_04_23_00_36_495.jpg,IMG/right_2017_04_04_23_00_36_495.jpg,0,0.1682164,0,13.63208
IMG/center_2017_04_04_23_00_36_607.jpg,IMG/left_2017_04_04_23_00_36_607.jpg,IMG/right_2017_04_04_23_00_36_607.jpg,0.03773585,0.1649135,0,13.87971
IMG/center_2017_04_04_23_00_36_721.jpg,IMG/left_2017_04_04_23_00_36_721.jpg,IMG/right_2017_04_04_23_00_36_721.jpg,0.05660377,0.5023715,0,14.21634
IMG/center_2017_04_04_23_00_36_832.jpg,IMG/left_2017_04_04_23_00_36_832.jpg,IMG/right_2017_04_04_23_00_36_832.jpg,0.05660377,0.5033102,0,14.30593
IMG/center_2017_04_04_23_00_36_944.jpg,IMG/left_2017_04_04_23_00_36_944.jpg,IMG/right_2017_04_04_23_00_36_944.jpg,0.05660377,0.5001789,0,15.12616
IMG/center_2017_04_04_23_00_37_049.jpg,IMG/left_2017_04_04_23_00_37_049.jpg,IMG/right_2017_04_04_23_00_37_049.jpg,0.05660377,0.503913,0,15.32608
IMG/center_2017_04_04_23_00_37_168.jpg,IMG/left_2017_04_04_23_00_37_168.jpg,IMG/right_2017_04_04_23_00_37_168.jpg,0.05660377,0.1690935,0,15.572
IMG/center_2017_04_04_23_00_37_280.jpg,IMG/left_2017_04_04_23_00_37_280.jpg,IMG/right_2017_04_04_23_00_37_280.jpg,0.05660377,0.5051611,0,16.00904
IMG/center_2017_04_04_23_00_37_385.jpg,IMG/left_2017_04_04_23_00_37_385.jpg,IMG/right_2017_04_04_23_00_37_385.jpg,0.05660377,0.1680551,0,16.26002
IMG/center_2017_04_04_23_00_37_497.jpg,IMG/left_2017_04_04_23_00_37_497.jpg,IMG/right_2017_04_04_23_00_37_497.jpg,0.05660377,0.1688192,0,16.44083
IMG/center_2017_04_04_23_00_37_617.jpg,IMG/left_2017_04_04_23_00_37_617.jpg,IMG/right_2017_04_04_23_00_37_617.jpg,0.05660377,0.1684966,0,16.14577
IMG/center_2017_04_04_23_00_37_723.jpg,IMG/left_2017_04_04_23_00_37_723.jpg,IMG/right_2017_04_04_23_00_37_723.jpg,0.0754717,0.1673467,0,16.32414
IMG/center_2017_04_04_23_00_37_834.jpg,IMG/left_2017_04_04_23_00_37_834.jpg,IMG/right_2017_04_04_23_00_37_834.jpg,0.0754717,0.1683485,0,16.20703
IMG/center_2017_04_04_23_00_37_954.jpg,IMG/left_2017_04_04_23_00_37_954.jpg,IMG/right_2017_04_04_23_00_37_954.jpg,0.0754717,0,0,16.37014
IMG/center_2017_04_04_23_00_38_058.jpg,IMG/left_2017_04_04_23_00_38_058.jpg,IMG/right_2017_04_04_23_00_38_058.jpg,0.0754717,0.3364754,0,16.47724
IMG/center_2017_04_04_23_00_38_168.jpg,IMG/left_2017_04_04_23_00_38_168.jpg,IMG/right_2017_04_04_23_00_38_168.jpg,0.0754717,0.3331827,0,16.34734
IMG/center_2017_04_04_23_00_38_278.jpg,IMG/left_2017_04_04_23_00_38_278.jpg,IMG/right_2017_04_04_23_00_38_278.jpg,0.0754717,0.33297,0,16.70497
IMG/center_2017_04_04_23_00_38_387.jpg,IMG/left_2017_04_04_23_00_38_387.jpg,IMG/right_2017_04_04_23_00_38_387.jpg,0.0754717,0.003738511,0,17.03654
IMG/center_2017_04_04_23_00_38_495.jpg,IMG/left_2017_04_04_23_00_38_495.jpg,IMG/right_2017_04_04_23_00_38_495.jpg,0.0754717,0,0,16.81858
IMG/center_2017_04_04_23_00_38_601.jpg,IMG/left_2017_04_04_23_00_38_601.jpg,IMG/right_2017_04_04_23_00_38_601.jpg,0.0754717,0,0,16.32662
IMG/center_2017_04_04_23_00_38_713.jpg,IMG/left_2017_04_04_23_00_38_713.jpg,IMG/right_2017_04_04_23_00_38_713.jpg,0.0754717,0,0,16.48087
IMG/center_2017_04_04_23_00_38_816.jpg,IMG/left_2017_04_04_23_00_38_816.jpg,IMG/right_2017_04_04_23_00_38_816.jpg,0,0,0,15.99987
IMG/center_2017_04_04_23_00_38_921.jpg,IMG/left_2017_04_04_23_00_38_921.jpg,IMG/right_2017_04_04_23_00_38_921.jpg,0,0,0,15.80253
IMG/center_2017_04_04_23_00_39_026.jpg,IMG/left_2017_04_04_23_00_39_026.jpg,IMG/right_2017_04_04_23_00_39_026.jpg,0,0,0,15.96318
IMG/center_2017_04_04_23_00_39_132.jpg,IMG/left_2017_04_04_23_00_39_132.jpg,IMG/right_2017_04_04_23_00_39_132.jpg,0,0,0,15.49125
IMG/center_2017_04_04_23_01_02_148.jpg,IMG/left_2017_04_04_23_01_02_148.jpg,IMG/right_2017_04_04_23_01_02_148.jpg,0.04716982,0,0,16.08171
IMG/center_2017_04_04_23_01_02_227.jpg,IMG/left_2017_04_04_23_01_02_227.jpg,IMG/right_2017_04_04_23_01_02_227.jpg,0,0,0,15.95232
IMG/center_2017_04_04_23_01_02_306.jpg,IMG/left_2017_04_04_23_01_02_306.jpg,IMG/right_2017_04_04_23_01_02_306.jpg,-0.02830189,0,0,15.82626
IMG/center_2017_04_04_23_01_02_385.jpg,IMG/left_2017_04_04_23_01_02_385.jpg,IMG/right_2017_04_04_23_01_02_385.jpg,-0.04716982,0,0,15.70249
IMG/center_2017_04_04_23_01_02_463.jpg,IMG/left_2017_04_04_23_01_02_463.jpg,IMG/right_2017_04_04_23_01_02_463.jpg,-0.06603774,0,0,15.57992
IMG/center_2017_04_04_23_01_02_542.jpg,IMG/left_2017_04_04_23_01_02_542.jpg,IMG/right_2017_04_04_23_01_02_542.jpg,-0.08490566,0,0,15.4626
IMG/center_2017_04_04_23_01_02_620.jpg,IMG/left_2017_04_04_23_01_02_620.jpg,IMG/right_2017_04_04_23_01_02_620.jpg,-0.1132075,0,0,15.34659
IMG/center_2017_04_04_23_01_02_698.jpg,IMG/left_2017_04_04_23_01_02_698.jpg,IMG/right_2017_04_04_23_01_02_698.jpg,-0.1132075,0,0,15.22342
IMG/center_2017_04_04_23_01_02_775.jpg,IMG/left_2017_04_04_23_01_02_775.jpg,IMG/right_2017_04_04_23_01_02_775.jpg,-0.1132075,0,0,15.65582
IMG/center_2017_04_04_23_01_02_851.jpg,IMG/left_2017_04_04_23_01_02_851.jpg,IMG/right_2017_04_04_23_01_02_851.jpg,-0.1132075,0,0,15.53292
IMG/center_2017_04_04_23_01_02_928.jpg,IMG/left_2017_04_04_23_01_02_928.jpg,IMG/right_2017_04_04_23_01_02_928.jpg,-0.1132075,0,0,15.41129
IMG/center_2017_04_04_23_01_03_006.jpg,IMG/left_2017_04_04_23_01_03_006.jpg,IMG/right_2017_04_04_23_01_03_006.jpg,-0.1132075,0,0,15.29167
IMG/center_2017_04_04_23_01_03_083.jpg,IMG/left_2017_04_04_23_01_03_083.jpg,IMG/right_2017_04_04_23_01_03_083.jpg,-0.1132075,0,0,15.17128
IMG/center_2017_04_04_23_01_03_160.jpg,IMG/left_2017_04_04_23_01_03_160.jpg,IMG/right_2017_04_04_23_01_03_160.jpg,-0.1132075,0,0,15.05258
IMG/center_2017_04_04_23_01_03_240.jpg,IMG/left_2017_04_04_23_01_03_240.jpg,IMG/right_2017_04_04_23_01_03_240.jpg,-0.1132075,0,0,14.93459
IMG/center_2017_04_04_23_01_03_318.jpg,IMG/left_2017_04_04_23_01_03_318.jpg,IMG/right_2017_04_04_23_01_03_318.jpg,-0.1132075,0,0,14.81611
IMG/center_2017_04_04_23_01_03_397.jpg,IMG/left_2017_04_04_23_01_03_397.jpg,IMG/right_2017_04_04_23_01_03_397.jpg,-0.1132075,0,0,14.69199
IMG/center_2017_04_04_23_01_03_475.jpg,IMG/left_2017_04_04_23_01_03_475.jpg,IMG/right_2017_04_04_23_01_03_475.jpg,-0.1132075,0,0,14.58748
IMG/center_2017_04_04_23_01_03_549.jpg,IMG/left_2017_04_04_23_01_03_549.jpg,IMG/right_2017_04_04_23_01_03_549.jpg,-0.1132075,0,0,14.00688
IMG/center_2017_04_04_23_01_03_634.jpg,IMG/left_2017_04_04_23_01_03_634.jpg,IMG/right_2017_04_04_23_01_03_634.jpg,-0.1132075,0,0,13.91292
IMG/center_2017_04_04_23_01_03_712.jpg,IMG/left_2017_04_04_23_01_03_712.jpg,IMG/right_2017_04_04_23_01_03_712.jpg,-0.1132075,0,0,13.73377
IMG/center_2017_04_04_23_01_03_792.jpg,IMG/left_2017_04_04_23_01_03_792.jpg,IMG/right_2017_04_04_23_01_03_792.jpg,-0.1132075,0,0,13.63386
IMG/center_2017_04_04_23_01_03_873.jpg,IMG/left_2017_04_04_23_01_03_873.jpg,IMG/right_2017_04_04_23_01_03_873.jpg,-0.05660377,0,0,13.59209
IMG/center_2017_04_04_23_01_03_952.jpg,IMG/left_2017_04_04_23_01_03_952.jpg,IMG/right_2017_04_04_23_01_03_952.jpg,0,0,0,13.3832
IMG/center_2017_04_04_23_01_04_032.jpg,IMG/left_2017_04_04_23_01_04_032.jpg,IMG/right_2017_04_04_23_01_04_032.jpg,0.02830189,0,0,13.2407
IMG/center_2017_04_04_23_01_04_112.jpg,IMG/left_2017_04_04_23_01_04_112.jpg,IMG/right_2017_04_04_23_01_04_112.jpg,0.02830189,0,0,13.19471
IMG/center_2017_04_04_23_01_04_192.jpg,IMG/left_2017_04_04_23_01_04_192.jpg,IMG/right_2017_04_04_23_01_04_192.jpg,0.02830189,0,0,12.99743
IMG/center_2017_04_04_23_01_04_272.jpg,IMG/left_2017_04_04_23_01_04_272.jpg,IMG/right_2017_04_04_23_01_04_272.jpg,0.02830189,0,0,12.89027
IMG/center_2017_04_04_23_01_04_351.jpg,IMG/left_2017_04_04_23_01_04_351.jpg,IMG/right_2017_04_04_23_01_04_351.jpg,0.02830189,0,0,12.78418
IMG/center_2017_04_04_23_01_04_431.jpg,IMG/left_2017_04_04_23_01_04_431.jpg,IMG/right_2017_04_04_23_01_04_431.jpg,0.02830189,0,0,12.67886
IMG/center_2017_04_04_23_01_04_509.jpg,IMG/left_2017_04_04_23_01_04_509.jpg,IMG/right_2017_04_04_23_01_04_509.jpg,0.02830189,0,0,12.57459
IMG/center_2017_04_04_23_01_04_588.jpg,IMG/left_2017_04_04_23_01_04_588.jpg,IMG/right_2017_04_04_23_01_04_588.jpg,0.02830189,0,0,12.47121
IMG/center_2017_04_04_23_01_04_667.jpg,IMG/left_2017_04_04_23_01_04_667.jpg,IMG/right_2017_04_04_23_01_04_667.jpg,0.02830189,0,0,12.36545
IMG/center_2017_04_04_23_01_04_745.jpg,IMG/left_2017_04_04_23_01_04_745.jpg,IMG/right_2017_04_04_23_01_04_745.jpg,0.02830189,0,0,12.26363
IMG/center_2017_04_04_23_01_04_824.jpg,IMG/left_2017_04_04_23_01_04_824.jpg,IMG/right_2017_04_04_23_01_04_824.jpg,0.0754717,0,0,12.16038
IMG/center_2017_04_04_23_01_04_903.jpg,IMG/left_2017_04_04_23_01_04_903.jpg,IMG/right_2017_04_04_23_01_04_903.jpg,0.0754717,0,0,12.05795
IMG/center_2017_04_04_23_01_04_984.jpg,IMG/left_2017_04_04_23_01_04_984.jpg,IMG/right_2017_04_04_23_01_04_984.jpg,0.08490566,0,0,11.95636
IMG/center_2017_04_04_23_01_05_063.jpg,IMG/left_2017_04_04_23_01_05_063.jpg,IMG/right_2017_04_04_23_01_05_063.jpg,0.08490566,0,0,11.85606
IMG/center_2017_04_04_23_01_05_142.jpg,IMG/left_2017_04_04_23_01_05_142.jpg,IMG/right_2017_04_04_23_01_05_142.jpg,0.08490566,0,0,11.75673
IMG/center_2017_04_04_23_01_05_221.jpg,IMG/left_2017_04_04_23_01_05_221.jpg,IMG/right_2017_04_04_23_01_05_221.jpg,0.09433963,0,0,11.65633
IMG/center_2017_04_04_23_01_05_298.jpg,IMG/left_2017_04_04_23_01_05_298.jpg,IMG/right_2017_04_04_23_01_05_298.jpg,0.09433963,0,0,11.55889
IMG/center_2017_04_04_23_01_05_378.jpg,IMG/left_2017_04_04_23_01_05_378.jpg,IMG/right_2017_04_04_23_01_05_378.jpg,0.09433963,0.1179831,0,11.52493
IMG/center_2017_04_04_23_01_05_456.jpg,IMG/left_2017_04_04_23_01_05_456.jpg,IMG/right_2017_04_04_23_01_05_456.jpg,0.09433963,0.1184407,0,11.65052
IMG/center_2017_04_04_23_01_05_534.jpg,IMG/left_2017_04_04_23_01_05_534.jpg,IMG/right_2017_04_04_23_01_05_534.jpg,0.09433963,0,0,12.08984
IMG/center_2017_04_04_23_01_05_613.jpg,IMG/left_2017_04_04_23_01_05_613.jpg,IMG/right_2017_04_04_23_01_05_613.jpg,0.09433963,0,0,11.99147
IMG/center_2017_04_04_23_01_05_691.jpg,IMG/left_2017_04_04_23_01_05_691.jpg,IMG/right_2017_04_04_23_01_05_691.jpg,0.09433963,0,0,11.88714
IMG/center_2017_04_04_23_01_05_769.jpg,IMG/left_2017_04_04_23_01_05_769.jpg,IMG/right_2017_04_04_23_01_05_769.jpg,0.09433963,0.2335388,0,11.96328
IMG/center_2017_04_04_23_01_05_847.jpg,IMG/left_2017_04_04_23_01_05_847.jpg,IMG/right_2017_04_04_23_01_05_847.jpg,0.09433963,0.001607474,0,11.99545
IMG/center_2017_04_04_23_01_05_925.jpg,IMG/left_2017_04_04_23_01_05_925.jpg,IMG/right_2017_04_04_23_01_05_925.jpg,0.09433963,0,0,11.81508
IMG/center_2017_04_04_23_01_06_002.jpg,IMG/left_2017_04_04_23_01_06_002.jpg,IMG/right_2017_04_04_23_01_06_002.jpg,0.09433963,0.2325532,0,11.58841
IMG/center_2017_04_04_23_01_06_080.jpg,IMG/left_2017_04_04_23_01_06_080.jpg,IMG/right_2017_04_04_23_01_06_080.jpg,0.09433963,0.2366892,0,11.88533
IMG/center_2017_04_04_23_01_06_156.jpg,IMG/left_2017_04_04_23_01_06_156.jpg,IMG/right_2017_04_04_23_01_06_156.jpg,0.09433963,0.233904,0,12.0035
IMG/center_2017_04_04_23_01_06_232.jpg,IMG/left_2017_04_04_23_01_06_232.jpg,IMG/right_2017_04_04_23_01_06_232.jpg,0.09433963,0.459495,0,12.07536
IMG/center_2017_04_04_23_01_06_306.jpg,IMG/left_2017_04_04_23_01_06_306.jpg,IMG/right_2017_04_04_23_01_06_306.jpg,0.09433963,0.2324682,0,12.30233
IMG/center_2017_04_04_23_01_06_382.jpg,IMG/left_2017_04_04_23_01_06_382.jpg,IMG/right_2017_04_04_23_01_06_382.jpg,0.09433963,0.2327953,0,12.30688
IMG/center_2017_04_04_23_01_06_456.jpg,IMG/left_2017_04_04_23_01_06_456.jpg,IMG/right_2017_04_04_23_01_06_456.jpg,0.09433963,0.4549322,0,12.55957
IMG/center_2017_04_04_23_01_06_532.jpg,IMG/left_2017_04_04_23_01_06_532.jpg,IMG/right_2017_04_04_23_01_06_532.jpg,0.09433963,0.2260222,0,12.86156
IMG/center_2017_04_04_23_01_06_605.jpg,IMG/left_2017_04_04_23_01_06_605.jpg,IMG/right_2017_04_04_23_01_06_605.jpg,0.09433963,0.003983505,0,13.00985
IMG/center_2017_04_04_23_01_06_680.jpg,IMG/left_2017_04_04_23_01_06_680.jpg,IMG/right_2017_04_04_23_01_06_680.jpg,0,0,0,12.85598
IMG/center_2017_04_04_23_01_06_754.jpg,IMG/left_2017_04_04_23_01_06_754.jpg,IMG/right_2017_04_04_23_01_06_754.jpg,0,0,0,12.50013
IMG/center_2017_04_04_23_01_06_828.jpg,IMG/left_2017_04_04_23_01_06_828.jpg,IMG/right_2017_04_04_23_01_06_828.jpg,0,0,0,12.3816
IMG/center_2017_04_04_23_01_06_903.jpg,IMG/left_2017_04_04_23_01_06_903.jpg,IMG/right_2017_04_04_23_01_06_903.jpg,0,0,0,12.22447
IMG/center_2017_04_04_23_01_06_978.jpg,IMG/left_2017_04_04_23_01_06_978.jpg,IMG/right_2017_04_04_23_01_06_978.jpg,0,0,0,12.19363
IMG/center_2017_04_04_23_01_07_053.jpg,IMG/left_2017_04_04_23_01_07_053.jpg,IMG/right_2017_04_04_23_01_07_053.jpg,0,0,0,12.37622
IMG/center_2017_04_04_23_01_07_129.jpg,IMG/left_2017_04_04_23_01_07_129.jpg,IMG/right_2017_04_04_23_01_07_129.jpg,0,0,0,12.34562
IMG/center_2017_04_04_23_01_07_322.jpg,IMG/left_2017_04_04_23_01_07_322.jpg,IMG/right_2017_04_04_23_01_07_322.jpg,0,0,0,12.30669
